#
# There is insufficient memory for the Java Runtime Environment to continue.
# Native memory allocation (mmap) failed to map 29360128 bytes. Error detail: G1 virtual space
# Possible reasons:
#   The system is out of physical RAM or swap space
#   This process is running with CompressedOops enabled, and the Java Heap may be blocking the growth of the native heap
# Possible solutions:
#   Reduce memory load on the system
#   Increase physical memory or swap space
#   Check if swap backing store is full
#   Decrease Java heap size (-Xmx/-Xms)
#   Decrease number of Java threads
#   Decrease Java thread stack sizes (-Xss)
#   Set larger code cache with -XX:ReservedCodeCacheSize=
#   JVM is running with Zero Based Compressed Oops mode in which the Java heap is
#     placed in the first 32GB address space. The Java Heap base address is the
#     maximum limit for the native heap growth. Please use -XX:HeapBaseMinAddress
#     to set the Java Heap base and to place the Java Heap above 32GB virtual address.
# This output file may be truncated or incomplete.
#
#  Out of Memory Error (os_windows.cpp:3828), pid=15780, tid=19068
#
# JRE version: OpenJDK Runtime Environment (21.0.5) (build 21.0.5+-13047016-b750.29)
# Java VM: OpenJDK 64-Bit Server VM (21.0.5+-13047016-b750.29, mixed mode, tiered, compressed oops, compressed class ptrs, g1 gc, windows-amd64)
# No core dump will be written. Minidumps are not enabled by default on client versions of Windows
#

---------------  S U M M A R Y ------------

Command Line: -XX:MaxMetaspaceSize=4G -XX:ReservedCodeCacheSize=512m -XX:+HeapDumpOnOutOfMemoryError --add-opens=java.base/java.util=ALL-UNNAMED --add-opens=java.base/java.lang=ALL-UNNAMED --add-opens=java.base/java.lang.invoke=ALL-UNNAMED --add-opens=java.prefs/java.util.prefs=ALL-UNNAMED --add-exports=jdk.compiler/com.sun.tools.javac.api=ALL-UNNAMED --add-exports=jdk.compiler/com.sun.tools.javac.util=ALL-UNNAMED --add-opens=java.base/java.nio.charset=ALL-UNNAMED --add-opens=java.base/java.net=ALL-UNNAMED --add-opens=java.base/java.util.concurrent.atomic=ALL-UNNAMED -Xmx8G -Dfile.encoding=UTF-8 -Duser.country=US -Duser.language=en -Duser.variant -javaagent:C:\Users\HP\.gradle\wrapper\dists\gradle-8.10.2-all\7iv73wktx1xtkvlq19urqw1wm\gradle-8.10.2\lib\agents\gradle-instrumentation-agent-8.10.2.jar org.gradle.launcher.daemon.bootstrap.GradleDaemon 8.10.2

Host: Intel(R) Core(TM) i7-9850H CPU @ 2.60GHz, 12 cores, 31G,  Windows 11 , 64 bit Build 26100 (10.0.26100.9444)
Time: Tue Sep 22 14:13:16 2026 Egypt Daylight Time elapsed time: 27.852780 seconds (0d 0h 0m 27s)

---------------  T H R E A D  ---------------

Current thread (0x000001de7ef1f9e0):  VMThread "VM Thread"          [id=19068, stack(0x000000d5b6600000,0x000000d5b6700000) (1024K)]

Stack: [0x000000d5b6600000,0x000000d5b6700000]
Native frames: (J=compiled Java code, j=interpreted, Vv=VM code, C=native code)
V  [jvm.dll+0x6cfb29]
V  [jvm.dll+0x85df93]
V  [jvm.dll+0x8604ee]
V  [jvm.dll+0x860bd3]
V  [jvm.dll+0x27e6b6]
V  [jvm.dll+0x6cc385]
V  [jvm.dll+0x6c078a]
V  [jvm.dll+0x35525b]
V  [jvm.dll+0x35ceb6]
V  [jvm.dll+0x3aedd6]
V  [jvm.dll+0x3af0a8]
V  [jvm.dll+0x32792c]
V  [jvm.dll+0x32a336]
V  [jvm.dll+0x33426d]
V  [jvm.dll+0x36b8e5]
V  [jvm.dll+0x866958]
V  [jvm.dll+0x867cd4]
V  [jvm.dll+0x868210]
V  [jvm.dll+0x8684a3]
V  [jvm.dll+0x806368]
V  [jvm.dll+0x6ce3fd]
C  [ucrtbase.dll+0x2cd30]
C  [KERNEL32.DLL+0x2cd87]
C  [ntdll.dll+0xacaec]

VM_Operation (0x000000d5b61ff980): G1PauseRemark, mode: safepoint, requested by thread 0x000001de6cb2a710


---------------  P R O C E S S  ---------------

Threads class SMR info:
_java_thread_list=0x000001de2a06c810, length=173, elements={
0x000001de6c5b9b70, 0x000001de7ef90d90, 0x000001de7ef937f0, 0x000001de7ef7bab0,
0x000001de7ef7e250, 0x000001de7ef7ffb0, 0x000001de7ef9ced0, 0x000001de7efa47d0,
0x000001de7efac5d0, 0x000001de7f0fa1f0, 0x000001de7f3b95e0, 0x000001de251fb2b0,
0x000001de252e0870, 0x000001de251b9620, 0x000001de25259920, 0x000001de25259f80,
0x000001de2527a190, 0x000001de25298970, 0x000001de252948c0, 0x000001de253b7010,
0x000001de253c16b0, 0x000001de2541f930, 0x000001de25421370, 0x000001de25421a00,
0x000001de25422090, 0x000001de2541ffc0, 0x000001de25420650, 0x000001de25420ce0,
0x000001de25422720, 0x000001de25422db0, 0x000001de26f3bb20, 0x000001de26f3b490,
0x000001de26f3a770, 0x000001de26f3d560, 0x000001de26f3a0e0, 0x000001de26f40350,
0x000001de26f3e280, 0x000001de26f3dbf0, 0x000001de26f3fcc0, 0x000001de26f3e910,
0x000001de26f3efa0, 0x000001de26f3f630, 0x000001de243ede10, 0x000001de243ed780,
0x000001de243ee4a0, 0x000001de243eeb30, 0x000001de243ef1c0, 0x000001de243f0570,
0x000001de243ef850, 0x000001de243efee0, 0x000001de243ed0f0, 0x000001de243f1920,
0x000001de243f2cd0, 0x000001de243f1fb0, 0x000001de243f2640, 0x000001de243f3360,
0x000001de243f39f0, 0x000001de243f4080, 0x000001de243f0c00, 0x000001de243f4710,
0x000001de243f1290, 0x000001de2468c470, 0x000001de2468b0c0, 0x000001de2468b750,
0x000001de24689680, 0x000001de2468bde0, 0x000001de2468a3a0, 0x000001de2468aa30,
0x000001de24689d10, 0x000001de2468f8f0, 0x000001de2468d820, 0x000001de2468f260,
0x000001de2468ebd0, 0x000001de2468ff80, 0x000001de24690610, 0x000001de2468deb0,
0x000001de2468e540, 0x000001de293191b0, 0x000001de293163c0, 0x000001de29317770,
0x000001de29319840, 0x000001de29319ed0, 0x000001de293170e0, 0x000001de29316a50,
0x000001de29318490, 0x000001de2931a560, 0x000001de2931b280, 0x000001de2931abf0,
0x000001de29317e00, 0x000001de2931bfa0, 0x000001de2931b910, 0x000001de29318b20,
0x000001de2931c630, 0x000001de2931ccc0, 0x000001de2931d350, 0x000001de2931d9e0,
0x000001de2934bd60, 0x000001de2934b040, 0x000001de2934d7a0, 0x000001de2934c3f0,
0x000001de2934a320, 0x000001de2934b6d0, 0x000001de2934ca80, 0x000001de2934d110,
0x000001de2934de30, 0x000001de2934a9b0, 0x000001de2934f870, 0x000001de2934ff00,
0x000001de29351940, 0x000001de2934e4c0, 0x000001de293512b0, 0x000001de2934f1e0,
0x000001de2934eb50, 0x000001de29350590, 0x000001de29350c20, 0x000001de27db4380,
0x000001de27db5dc0, 0x000001de27db5730, 0x000001de27db2940, 0x000001de27db6450,
0x000001de27db3660, 0x000001de27db3cf0, 0x000001de27db4a10, 0x000001de27db2fd0,
0x000001de27db7170, 0x000001de27db6ae0, 0x000001de27db7800, 0x000001de27db7e90,
0x000001de27db8520, 0x000001de27db50a0, 0x000001de27db8bb0, 0x000001de27db9240,
0x000001de27db98d0, 0x000001de27db9f60, 0x000001de28ebc060, 0x000001de28ebfb70,
0x000001de28ebdaa0, 0x000001de28ebc6f0, 0x000001de28ebf4e0, 0x000001de28ec0200,
0x000001de28ebcd80, 0x000001de28ebee50, 0x000001de28ebe7c0, 0x000001de28ec0890,
0x000001de28ebd410, 0x000001de28ec0f20, 0x000001de28ec15b0, 0x000001de28ec1c40,
0x000001de28ec2ff0, 0x000001de282907e0, 0x000001de2828d9f0, 0x000001de28291500,
0x000001de2828e080, 0x000001de2828eda0, 0x000001de28291b90, 0x000001de2828e710,
0x000001de282942f0, 0x000001de28292220, 0x000001de282928b0, 0x000001de28292f40,
0x000001de282935d0, 0x000001de28293c60, 0x000001de2af890f0, 0x000001de2af89780,
0x000001de2af86300, 0x000001de2af89e10, 0x000001de2af883d0, 0x000001de2af86990,
0x000001de2af8a4a0, 0x000001de2af87020, 0x000001de2af8ab30, 0x000001de2af876b0,
0x000001de27893110
}

Java Threads: ( => current thread )
  0x000001de6c5b9b70 JavaThread "main"                              [_thread_blocked, id=12072, stack(0x000000d5b5f00000,0x000000d5b6000000) (1024K)]
  0x000001de7ef90d90 JavaThread "Reference Handler"          daemon [_thread_blocked, id=14204, stack(0x000000d5b6700000,0x000000d5b6800000) (1024K)]
  0x000001de7ef937f0 JavaThread "Finalizer"                  daemon [_thread_blocked, id=15044, stack(0x000000d5b6800000,0x000000d5b6900000) (1024K)]
  0x000001de7ef7bab0 JavaThread "Signal Dispatcher"          daemon [_thread_blocked, id=22288, stack(0x000000d5b6900000,0x000000d5b6a00000) (1024K)]
  0x000001de7ef7e250 JavaThread "Attach Listener"            daemon [_thread_blocked, id=27836, stack(0x000000d5b6a00000,0x000000d5b6b00000) (1024K)]
  0x000001de7ef7ffb0 JavaThread "Service Thread"             daemon [_thread_blocked, id=15520, stack(0x000000d5b6b00000,0x000000d5b6c00000) (1024K)]
  0x000001de7ef9ced0 JavaThread "Monitor Deflation Thread"   daemon [_thread_blocked, id=20624, stack(0x000000d5b6c00000,0x000000d5b6d00000) (1024K)]
  0x000001de7efa47d0 JavaThread "C2 CompilerThread0"         daemon [_thread_blocked, id=25628, stack(0x000000d5b6d00000,0x000000d5b6e00000) (1024K)]
  0x000001de7efac5d0 JavaThread "C1 CompilerThread0"         daemon [_thread_blocked, id=23296, stack(0x000000d5b6e00000,0x000000d5b6f00000) (1024K)]
  0x000001de7f0fa1f0 JavaThread "Common-Cleaner"             daemon [_thread_blocked, id=12860, stack(0x000000d5b6f00000,0x000000d5b7000000) (1024K)]
  0x000001de7f3b95e0 JavaThread "Notification Thread"        daemon [_thread_blocked, id=28820, stack(0x000000d5b7000000,0x000000d5b7100000) (1024K)]
  0x000001de251fb2b0 JavaThread "Daemon health stats"               [_thread_blocked, id=9196, stack(0x000000d5b7200000,0x000000d5b7300000) (1024K)]
  0x000001de252e0870 JavaThread "Incoming local TCP Connector on port 59751"        [_thread_in_native, id=26856, stack(0x000000d5b7c00000,0x000000d5b7d00000) (1024K)]
  0x000001de251b9620 JavaThread "Daemon periodic checks"            [_thread_blocked, id=18044, stack(0x000000d5b7d00000,0x000000d5b7e00000) (1024K)]
  0x000001de25259920 JavaThread "Daemon"                            [_thread_blocked, id=24232, stack(0x000000d5b7e00000,0x000000d5b7f00000) (1024K)]
  0x000001de25259f80 JavaThread "Handler for socket connection from /127.0.0.1:59751 to /127.0.0.1:59752"        [_thread_in_native, id=18628, stack(0x000000d5b7f00000,0x000000d5b8000000) (1024K)]
  0x000001de2527a190 JavaThread "Cancel handler"                    [_thread_blocked, id=7636, stack(0x000000d5b8000000,0x000000d5b8100000) (1024K)]
  0x000001de25298970 JavaThread "Daemon worker"                     [_thread_blocked, id=29704, stack(0x000000d5b8100000,0x000000d5b8200000) (1024K)]
  0x000001de252948c0 JavaThread "Asynchronous log dispatcher for DefaultDaemonConnection: socket connection from /127.0.0.1:59751 to /127.0.0.1:59752"        [_thread_blocked, id=2588, stack(0x000000d5b8200000,0x000000d5b8300000) (1024K)]
  0x000001de253b7010 JavaThread "Stdin handler"                     [_thread_blocked, id=25908, stack(0x000000d5b8300000,0x000000d5b8400000) (1024K)]
  0x000001de253c16b0 JavaThread "Daemon client event forwarder"        [_thread_blocked, id=29396, stack(0x000000d5b8400000,0x000000d5b8500000) (1024K)]
  0x000001de2541f930 JavaThread "Cache worker for journal cache (C:\Users\HP\.gradle\caches\journal-1)"        [_thread_blocked, id=11224, stack(0x000000d5b8700000,0x000000d5b8800000) (1024K)]
  0x000001de25421370 JavaThread "File lock request listener"        [_thread_in_native, id=31380, stack(0x000000d5b8800000,0x000000d5b8900000) (1024K)]
  0x000001de25421a00 JavaThread "Cache worker for file hash cache (C:\Users\HP\.gradle\caches\8.10.2\fileHashes)"        [_thread_blocked, id=7152, stack(0x000000d5b8900000,0x000000d5b8a00000) (1024K)]
  0x000001de25422090 JavaThread "Cache worker for file hash cache (D:\Cavallo\social_commerce_app\android\.gradle\8.10.2\fileHashes)"        [_thread_blocked, id=22864, stack(0x000000d5b8b00000,0x000000d5b8c00000) (1024K)]
  0x000001de2541ffc0 JavaThread "Cache worker for Build Output Cleanup Cache (D:\Cavallo\social_commerce_app\android\.gradle\buildOutputCleanup)"        [_thread_blocked, id=27844, stack(0x000000d5b8c00000,0x000000d5b8d00000) (1024K)]
  0x000001de25420650 JavaThread "File watcher server"        daemon [_thread_in_native, id=23984, stack(0x000000d5b8d00000,0x000000d5b8e00000) (1024K)]
  0x000001de25420ce0 JavaThread "File watcher consumer"      daemon [_thread_blocked, id=19000, stack(0x000000d5b8e00000,0x000000d5b8f00000) (1024K)]
  0x000001de25422720 JavaThread "Cache worker for checksums cache (D:\Cavallo\social_commerce_app\android\.gradle\8.10.2\checksums)"        [_thread_blocked, id=6724, stack(0x000000d5b8f00000,0x000000d5b9000000) (1024K)]
  0x000001de25422db0 JavaThread "Cache worker for file content cache (C:\Users\HP\.gradle\caches\8.10.2\fileContent)"        [_thread_blocked, id=14652, stack(0x000000d5b9000000,0x000000d5b9100000) (1024K)]
  0x000001de26f3bb20 JavaThread "Cache worker for cache directory md-rule (C:\Users\HP\.gradle\caches\8.10.2\md-rule)"        [_thread_blocked, id=23696, stack(0x000000d5b9100000,0x000000d5b9200000) (1024K)]
  0x000001de26f3b490 JavaThread "Cache worker for cache directory md-supplier (C:\Users\HP\.gradle\caches\8.10.2\md-supplier)"        [_thread_blocked, id=16288, stack(0x000000d5b9200000,0x000000d5b9300000) (1024K)]
  0x000001de26f3a770 JavaThread "Cache worker for Build Output Cleanup Cache (D:\flutter\packages\flutter_tools\gradle\.gradle\buildOutputCleanup)"        [_thread_blocked, id=11980, stack(0x000000d5b9300000,0x000000d5b9400000) (1024K)]
  0x000001de26f3d560 JavaThread "Unconstrained build operations"        [_thread_blocked, id=22112, stack(0x000000d5b9400000,0x000000d5b9500000) (1024K)]
  0x000001de26f3a0e0 JavaThread "Unconstrained build operations Thread 2"        [_thread_blocked, id=7184, stack(0x000000d5b9500000,0x000000d5b9600000) (1024K)]
  0x000001de26f40350 JavaThread "Unconstrained build operations Thread 3"        [_thread_blocked, id=5980, stack(0x000000d5b9600000,0x000000d5b9700000) (1024K)]
  0x000001de26f3e280 JavaThread "Unconstrained build operations Thread 4"        [_thread_blocked, id=26108, stack(0x000000d5b9700000,0x000000d5b9800000) (1024K)]
  0x000001de26f3dbf0 JavaThread "Unconstrained build operations Thread 5"        [_thread_blocked, id=19244, stack(0x000000d5b9800000,0x000000d5b9900000) (1024K)]
  0x000001de26f3fcc0 JavaThread "Unconstrained build operations Thread 6"        [_thread_blocked, id=28648, stack(0x000000d5b9900000,0x000000d5b9a00000) (1024K)]
  0x000001de26f3e910 JavaThread "Unconstrained build operations Thread 7"        [_thread_blocked, id=10896, stack(0x000000d5b9a00000,0x000000d5b9b00000) (1024K)]
  0x000001de26f3efa0 JavaThread "Unconstrained build operations Thread 8"        [_thread_blocked, id=20112, stack(0x000000d5b9b00000,0x000000d5b9c00000) (1024K)]
  0x000001de26f3f630 JavaThread "Unconstrained build operations Thread 9"        [_thread_blocked, id=10780, stack(0x000000d5b9c00000,0x000000d5b9d00000) (1024K)]
  0x000001de243ede10 JavaThread "Unconstrained build operations Thread 10"        [_thread_blocked, id=21464, stack(0x000000d5b9d00000,0x000000d5b9e00000) (1024K)]
  0x000001de243ed780 JavaThread "Unconstrained build operations Thread 11"        [_thread_blocked, id=6936, stack(0x000000d5b9e00000,0x000000d5b9f00000) (1024K)]
  0x000001de243ee4a0 JavaThread "Unconstrained build operations Thread 12"        [_thread_blocked, id=31660, stack(0x000000d5b9f00000,0x000000d5ba000000) (1024K)]
  0x000001de243eeb30 JavaThread "Unconstrained build operations Thread 13"        [_thread_blocked, id=19724, stack(0x000000d5ba000000,0x000000d5ba100000) (1024K)]
  0x000001de243ef1c0 JavaThread "Unconstrained build operations Thread 14"        [_thread_blocked, id=31060, stack(0x000000d5ba100000,0x000000d5ba200000) (1024K)]
  0x000001de243f0570 JavaThread "Unconstrained build operations Thread 15"        [_thread_blocked, id=13692, stack(0x000000d5ba200000,0x000000d5ba300000) (1024K)]
  0x000001de243ef850 JavaThread "Unconstrained build operations Thread 16"        [_thread_blocked, id=27976, stack(0x000000d5ba300000,0x000000d5ba400000) (1024K)]
  0x000001de243efee0 JavaThread "Unconstrained build operations Thread 17"        [_thread_blocked, id=18856, stack(0x000000d5ba400000,0x000000d5ba500000) (1024K)]
  0x000001de243ed0f0 JavaThread "Unconstrained build operations Thread 18"        [_thread_blocked, id=21764, stack(0x000000d5ba500000,0x000000d5ba600000) (1024K)]
  0x000001de243f1920 JavaThread "Unconstrained build operations Thread 19"        [_thread_blocked, id=15828, stack(0x000000d5ba600000,0x000000d5ba700000) (1024K)]
  0x000001de243f2cd0 JavaThread "Unconstrained build operations Thread 20"        [_thread_blocked, id=6824, stack(0x000000d5ba700000,0x000000d5ba800000) (1024K)]
  0x000001de243f1fb0 JavaThread "Unconstrained build operations Thread 21"        [_thread_blocked, id=9536, stack(0x000000d5ba800000,0x000000d5ba900000) (1024K)]
  0x000001de243f2640 JavaThread "Unconstrained build operations Thread 22"        [_thread_blocked, id=22896, stack(0x000000d5ba900000,0x000000d5baa00000) (1024K)]
  0x000001de243f3360 JavaThread "Unconstrained build operations Thread 23"        [_thread_blocked, id=4560, stack(0x000000d5baa00000,0x000000d5bab00000) (1024K)]
  0x000001de243f39f0 JavaThread "Unconstrained build operations Thread 24"        [_thread_blocked, id=30272, stack(0x000000d5bab00000,0x000000d5bac00000) (1024K)]
  0x000001de243f4080 JavaThread "Unconstrained build operations Thread 25"        [_thread_blocked, id=15500, stack(0x000000d5bac00000,0x000000d5bad00000) (1024K)]
  0x000001de243f0c00 JavaThread "Unconstrained build operations Thread 26"        [_thread_blocked, id=2304, stack(0x000000d5bad00000,0x000000d5bae00000) (1024K)]
  0x000001de243f4710 JavaThread "Unconstrained build operations Thread 27"        [_thread_blocked, id=12520, stack(0x000000d5bae00000,0x000000d5baf00000) (1024K)]
  0x000001de243f1290 JavaThread "Unconstrained build operations Thread 28"        [_thread_blocked, id=3872, stack(0x000000d5baf00000,0x000000d5bb000000) (1024K)]
  0x000001de2468c470 JavaThread "Unconstrained build operations Thread 29"        [_thread_blocked, id=27728, stack(0x000000d5bb000000,0x000000d5bb100000) (1024K)]
  0x000001de2468b0c0 JavaThread "Unconstrained build operations Thread 30"        [_thread_blocked, id=6428, stack(0x000000d5bb100000,0x000000d5bb200000) (1024K)]
  0x000001de2468b750 JavaThread "Unconstrained build operations Thread 31"        [_thread_blocked, id=3404, stack(0x000000d5bb200000,0x000000d5bb300000) (1024K)]
  0x000001de24689680 JavaThread "Unconstrained build operations Thread 32"        [_thread_blocked, id=18104, stack(0x000000d5bb300000,0x000000d5bb400000) (1024K)]
  0x000001de2468bde0 JavaThread "Unconstrained build operations Thread 33"        [_thread_blocked, id=13296, stack(0x000000d5bb400000,0x000000d5bb500000) (1024K)]
  0x000001de2468a3a0 JavaThread "Memory manager"                    [_thread_blocked, id=27864, stack(0x000000d5bb500000,0x000000d5bb600000) (1024K)]
  0x000001de2468aa30 JavaThread "build event listener"              [_thread_blocked, id=30868, stack(0x000000d5b8a00000,0x000000d5b8b00000) (1024K)]
  0x000001de24689d10 JavaThread "included builds"                   [_thread_blocked, id=29024, stack(0x000000d5bb700000,0x000000d5bb800000) (1024K)]
  0x000001de2468f8f0 JavaThread "Execution worker"                  [_thread_blocked, id=30760, stack(0x000000d5bb800000,0x000000d5bb900000) (1024K)]
  0x000001de2468d820 JavaThread "Execution worker Thread 2"         [_thread_blocked, id=4828, stack(0x000000d5bb900000,0x000000d5bba00000) (1024K)]
  0x000001de2468f260 JavaThread "Execution worker Thread 3"         [_thread_blocked, id=6220, stack(0x000000d5bba00000,0x000000d5bbb00000) (1024K)]
  0x000001de2468ebd0 JavaThread "Execution worker Thread 4"         [_thread_blocked, id=28828, stack(0x000000d5bbb00000,0x000000d5bbc00000) (1024K)]
  0x000001de2468ff80 JavaThread "Execution worker Thread 5"         [_thread_blocked, id=5140, stack(0x000000d5bbc00000,0x000000d5bbd00000) (1024K)]
  0x000001de24690610 JavaThread "Execution worker Thread 6"         [_thread_blocked, id=20968, stack(0x000000d5bbd00000,0x000000d5bbe00000) (1024K)]
  0x000001de2468deb0 JavaThread "Execution worker Thread 7"         [_thread_blocked, id=2684, stack(0x000000d5bbe00000,0x000000d5bbf00000) (1024K)]
  0x000001de2468e540 JavaThread "Execution worker Thread 8"         [_thread_blocked, id=20256, stack(0x000000d5bbf00000,0x000000d5bc000000) (1024K)]
  0x000001de293191b0 JavaThread "Execution worker Thread 9"         [_thread_blocked, id=19772, stack(0x000000d5bc000000,0x000000d5bc100000) (1024K)]
  0x000001de293163c0 JavaThread "Execution worker Thread 10"        [_thread_blocked, id=29864, stack(0x000000d5bc100000,0x000000d5bc200000) (1024K)]
  0x000001de29317770 JavaThread "Execution worker Thread 11"        [_thread_blocked, id=21120, stack(0x000000d5bc200000,0x000000d5bc300000) (1024K)]
  0x000001de29319840 JavaThread "Cache worker for execution history cache (D:\flutter\packages\flutter_tools\gradle\.gradle\8.10.2\executionHistory)"        [_thread_blocked, id=12732, stack(0x000000d5bc300000,0x000000d5bc400000) (1024K)]
  0x000001de29319ed0 JavaThread "Unconstrained build operations Thread 34"        [_thread_blocked, id=9480, stack(0x000000d5bc400000,0x000000d5bc500000) (1024K)]
  0x000001de293170e0 JavaThread "Unconstrained build operations Thread 35"        [_thread_blocked, id=28788, stack(0x000000d5bc500000,0x000000d5bc600000) (1024K)]
  0x000001de29316a50 JavaThread "Unconstrained build operations Thread 36"        [_thread_blocked, id=19904, stack(0x000000d5bc600000,0x000000d5bc700000) (1024K)]
  0x000001de29318490 JavaThread "Unconstrained build operations Thread 37"        [_thread_blocked, id=16160, stack(0x000000d5bc700000,0x000000d5bc800000) (1024K)]
  0x000001de2931a560 JavaThread "Unconstrained build operations Thread 38"        [_thread_blocked, id=23692, stack(0x000000d5bc800000,0x000000d5bc900000) (1024K)]
  0x000001de2931b280 JavaThread "Unconstrained build operations Thread 39"        [_thread_blocked, id=22392, stack(0x000000d5bc900000,0x000000d5bca00000) (1024K)]
  0x000001de2931abf0 JavaThread "Unconstrained build operations Thread 40"        [_thread_blocked, id=29340, stack(0x000000d5bca00000,0x000000d5bcb00000) (1024K)]
  0x000001de29317e00 JavaThread "Unconstrained build operations Thread 41"        [_thread_blocked, id=1692, stack(0x000000d5bcb00000,0x000000d5bcc00000) (1024K)]
  0x000001de2931bfa0 JavaThread "Unconstrained build operations Thread 42"        [_thread_blocked, id=26884, stack(0x000000d5bcc00000,0x000000d5bcd00000) (1024K)]
  0x000001de2931b910 JavaThread "Unconstrained build operations Thread 43"        [_thread_blocked, id=18336, stack(0x000000d5bcd00000,0x000000d5bce00000) (1024K)]
  0x000001de29318b20 JavaThread "Unconstrained build operations Thread 44"        [_thread_blocked, id=3484, stack(0x000000d5bce00000,0x000000d5bcf00000) (1024K)]
  0x000001de2931c630 JavaThread "Unconstrained build operations Thread 45"        [_thread_blocked, id=24236, stack(0x000000d5bcf00000,0x000000d5bd000000) (1024K)]
  0x000001de2931ccc0 JavaThread "Unconstrained build operations Thread 46"        [_thread_blocked, id=31192, stack(0x000000d5bd000000,0x000000d5bd100000) (1024K)]
  0x000001de2931d350 JavaThread "Unconstrained build operations Thread 47"        [_thread_blocked, id=29520, stack(0x000000d5bd100000,0x000000d5bd200000) (1024K)]
  0x000001de2931d9e0 JavaThread "Unconstrained build operations Thread 48"        [_thread_blocked, id=3752, stack(0x000000d5bd200000,0x000000d5bd300000) (1024K)]
  0x000001de2934bd60 JavaThread "Unconstrained build operations Thread 49"        [_thread_blocked, id=27904, stack(0x000000d5bd300000,0x000000d5bd400000) (1024K)]
  0x000001de2934b040 JavaThread "Unconstrained build operations Thread 50"        [_thread_blocked, id=17472, stack(0x000000d5bd400000,0x000000d5bd500000) (1024K)]
  0x000001de2934d7a0 JavaThread "Unconstrained build operations Thread 51"        [_thread_blocked, id=28524, stack(0x000000d5bd500000,0x000000d5bd600000) (1024K)]
  0x000001de2934c3f0 JavaThread "Unconstrained build operations Thread 52"        [_thread_blocked, id=19152, stack(0x000000d5bd600000,0x000000d5bd700000) (1024K)]
  0x000001de2934a320 JavaThread "Unconstrained build operations Thread 53"        [_thread_blocked, id=30768, stack(0x000000d5bd700000,0x000000d5bd800000) (1024K)]
  0x000001de2934b6d0 JavaThread "Unconstrained build operations Thread 54"        [_thread_blocked, id=15376, stack(0x000000d5bd800000,0x000000d5bd900000) (1024K)]
  0x000001de2934ca80 JavaThread "Unconstrained build operations Thread 55"        [_thread_blocked, id=21384, stack(0x000000d5bd900000,0x000000d5bda00000) (1024K)]
  0x000001de2934d110 JavaThread "Unconstrained build operations Thread 56"        [_thread_blocked, id=1932, stack(0x000000d5bda00000,0x000000d5bdb00000) (1024K)]
  0x000001de2934de30 JavaThread "Unconstrained build operations Thread 57"        [_thread_blocked, id=388, stack(0x000000d5bdb00000,0x000000d5bdc00000) (1024K)]
  0x000001de2934a9b0 JavaThread "Unconstrained build operations Thread 58"        [_thread_blocked, id=14660, stack(0x000000d5bdc00000,0x000000d5bdd00000) (1024K)]
  0x000001de2934f870 JavaThread "Unconstrained build operations Thread 59"        [_thread_blocked, id=19552, stack(0x000000d5bdd00000,0x000000d5bde00000) (1024K)]
  0x000001de2934ff00 JavaThread "Unconstrained build operations Thread 60"        [_thread_blocked, id=27524, stack(0x000000d5bde00000,0x000000d5bdf00000) (1024K)]
  0x000001de29351940 JavaThread "Unconstrained build operations Thread 61"        [_thread_blocked, id=30840, stack(0x000000d5bdf00000,0x000000d5be000000) (1024K)]
  0x000001de2934e4c0 JavaThread "Unconstrained build operations Thread 62"        [_thread_blocked, id=29360, stack(0x000000d5be000000,0x000000d5be100000) (1024K)]
  0x000001de293512b0 JavaThread "Unconstrained build operations Thread 63"        [_thread_blocked, id=3180, stack(0x000000d5be100000,0x000000d5be200000) (1024K)]
  0x000001de2934f1e0 JavaThread "Unconstrained build operations Thread 64"        [_thread_blocked, id=31012, stack(0x000000d5be200000,0x000000d5be300000) (1024K)]
  0x000001de2934eb50 JavaThread "Unconstrained build operations Thread 65"        [_thread_blocked, id=22668, stack(0x000000d5be300000,0x000000d5be400000) (1024K)]
  0x000001de29350590 JavaThread "Unconstrained build operations Thread 66"        [_thread_blocked, id=9304, stack(0x000000d5be400000,0x000000d5be500000) (1024K)]
  0x000001de29350c20 JavaThread "Unconstrained build operations Thread 67"        [_thread_blocked, id=19252, stack(0x000000d5be500000,0x000000d5be600000) (1024K)]
  0x000001de27db4380 JavaThread "Unconstrained build operations Thread 68"        [_thread_blocked, id=13020, stack(0x000000d5be600000,0x000000d5be700000) (1024K)]
  0x000001de27db5dc0 JavaThread "Unconstrained build operations Thread 69"        [_thread_blocked, id=2456, stack(0x000000d5be700000,0x000000d5be800000) (1024K)]
  0x000001de27db5730 JavaThread "Unconstrained build operations Thread 70"        [_thread_blocked, id=13248, stack(0x000000d5be800000,0x000000d5be900000) (1024K)]
  0x000001de27db2940 JavaThread "Unconstrained build operations Thread 71"        [_thread_blocked, id=24592, stack(0x000000d5be900000,0x000000d5bea00000) (1024K)]
  0x000001de27db6450 JavaThread "Unconstrained build operations Thread 72"        [_thread_blocked, id=9276, stack(0x000000d5bea00000,0x000000d5beb00000) (1024K)]
  0x000001de27db3660 JavaThread "Unconstrained build operations Thread 73"        [_thread_blocked, id=24096, stack(0x000000d5beb00000,0x000000d5bec00000) (1024K)]
  0x000001de27db3cf0 JavaThread "Unconstrained build operations Thread 74"        [_thread_blocked, id=16148, stack(0x000000d5bec00000,0x000000d5bed00000) (1024K)]
  0x000001de27db4a10 JavaThread "Unconstrained build operations Thread 75"        [_thread_blocked, id=22424, stack(0x000000d5bed00000,0x000000d5bee00000) (1024K)]
  0x000001de27db2fd0 JavaThread "Unconstrained build operations Thread 76"        [_thread_blocked, id=24636, stack(0x000000d5bee00000,0x000000d5bef00000) (1024K)]
  0x000001de27db7170 JavaThread "Unconstrained build operations Thread 77"        [_thread_blocked, id=10388, stack(0x000000d5bef00000,0x000000d5bf000000) (1024K)]
  0x000001de27db6ae0 JavaThread "Unconstrained build operations Thread 78"        [_thread_blocked, id=28896, stack(0x000000d5bf000000,0x000000d5bf100000) (1024K)]
  0x000001de27db7800 JavaThread "Unconstrained build operations Thread 79"        [_thread_blocked, id=6872, stack(0x000000d5bf100000,0x000000d5bf200000) (1024K)]
  0x000001de27db7e90 JavaThread "Unconstrained build operations Thread 80"        [_thread_blocked, id=16320, stack(0x000000d5bf200000,0x000000d5bf300000) (1024K)]
  0x000001de27db8520 JavaThread "Unconstrained build operations Thread 81"        [_thread_blocked, id=21560, stack(0x000000d5bf300000,0x000000d5bf400000) (1024K)]
  0x000001de27db50a0 JavaThread "Unconstrained build operations Thread 82"        [_thread_blocked, id=6656, stack(0x000000d5bf400000,0x000000d5bf500000) (1024K)]
  0x000001de27db8bb0 JavaThread "Unconstrained build operations Thread 83"        [_thread_blocked, id=28388, stack(0x000000d5bf500000,0x000000d5bf600000) (1024K)]
  0x000001de27db9240 JavaThread "Unconstrained build operations Thread 84"        [_thread_blocked, id=4360, stack(0x000000d5bf600000,0x000000d5bf700000) (1024K)]
  0x000001de27db98d0 JavaThread "Unconstrained build operations Thread 85"        [_thread_blocked, id=12388, stack(0x000000d5bf700000,0x000000d5bf800000) (1024K)]
  0x000001de27db9f60 JavaThread "Unconstrained build operations Thread 86"        [_thread_blocked, id=17312, stack(0x000000d5bf800000,0x000000d5bf900000) (1024K)]
  0x000001de28ebc060 JavaThread "Unconstrained build operations Thread 87"        [_thread_blocked, id=1516, stack(0x000000d5bf900000,0x000000d5bfa00000) (1024K)]
  0x000001de28ebfb70 JavaThread "Unconstrained build operations Thread 88"        [_thread_blocked, id=12104, stack(0x000000d5bfa00000,0x000000d5bfb00000) (1024K)]
  0x000001de28ebdaa0 JavaThread "Unconstrained build operations Thread 89"        [_thread_blocked, id=23864, stack(0x000000d5bfb00000,0x000000d5bfc00000) (1024K)]
  0x000001de28ebc6f0 JavaThread "Unconstrained build operations Thread 90"        [_thread_blocked, id=19900, stack(0x000000d5bfc00000,0x000000d5bfd00000) (1024K)]
  0x000001de28ebf4e0 JavaThread "Unconstrained build operations Thread 91"        [_thread_blocked, id=29036, stack(0x000000d5bfd00000,0x000000d5bfe00000) (1024K)]
  0x000001de28ec0200 JavaThread "Unconstrained build operations Thread 92"        [_thread_blocked, id=15296, stack(0x000000d5bfe00000,0x000000d5bff00000) (1024K)]
  0x000001de28ebcd80 JavaThread "Unconstrained build operations Thread 93"        [_thread_blocked, id=1004, stack(0x000000d5bff00000,0x000000d5c0000000) (1024K)]
  0x000001de28ebee50 JavaThread "Unconstrained build operations Thread 94"        [_thread_blocked, id=28528, stack(0x000000d5c0000000,0x000000d5c0100000) (1024K)]
  0x000001de28ebe7c0 JavaThread "Unconstrained build operations Thread 95"        [_thread_blocked, id=2396, stack(0x000000d5c0100000,0x000000d5c0200000) (1024K)]
  0x000001de28ec0890 JavaThread "Unconstrained build operations Thread 96"        [_thread_blocked, id=7920, stack(0x000000d5c0200000,0x000000d5c0300000) (1024K)]
  0x000001de28ebd410 JavaThread "Unconstrained build operations Thread 97"        [_thread_blocked, id=8652, stack(0x000000d5c0300000,0x000000d5c0400000) (1024K)]
  0x000001de28ec0f20 JavaThread "Unconstrained build operations Thread 98"        [_thread_blocked, id=23220, stack(0x000000d5c0400000,0x000000d5c0500000) (1024K)]
  0x000001de28ec15b0 JavaThread "Unconstrained build operations Thread 99"        [_thread_blocked, id=14148, stack(0x000000d5c0500000,0x000000d5c0600000) (1024K)]
  0x000001de28ec1c40 JavaThread "jar transforms"                    [_thread_blocked, id=19024, stack(0x000000d5bb600000,0x000000d5bb700000) (1024K)]
  0x000001de28ec2ff0 JavaThread "jar transforms Thread 2"           [_thread_blocked, id=15732, stack(0x000000d5c0600000,0x000000d5c0700000) (1024K)]
  0x000001de282907e0 JavaThread "jar transforms Thread 3"           [_thread_blocked, id=17936, stack(0x000000d5c0700000,0x000000d5c0800000) (1024K)]
  0x000001de2828d9f0 JavaThread "jar transforms Thread 4"           [_thread_blocked, id=27404, stack(0x000000d5c0800000,0x000000d5c0900000) (1024K)]
  0x000001de28291500 JavaThread "Unconstrained build operations Thread 100"        [_thread_blocked, id=28888, stack(0x000000d5c0a00000,0x000000d5c0b00000) (1024K)]
  0x000001de2828e080 JavaThread "Unconstrained build operations Thread 101"        [_thread_blocked, id=27432, stack(0x000000d5c0b00000,0x000000d5c0c00000) (1024K)]
  0x000001de2828eda0 JavaThread "Unconstrained build operations Thread 102"        [_thread_blocked, id=12648, stack(0x000000d5c0c00000,0x000000d5c0d00000) (1024K)]
  0x000001de28291b90 JavaThread "Unconstrained build operations Thread 103"        [_thread_blocked, id=18288, stack(0x000000d5c0d00000,0x000000d5c0e00000) (1024K)]
  0x000001de2828e710 JavaThread "Unconstrained build operations Thread 104"        [_thread_blocked, id=4736, stack(0x000000d5c0e00000,0x000000d5c0f00000) (1024K)]
  0x000001de282942f0 JavaThread "Unconstrained build operations Thread 105"        [_thread_blocked, id=1472, stack(0x000000d5c0f00000,0x000000d5c1000000) (1024K)]
  0x000001de28292220 JavaThread "Unconstrained build operations Thread 106"        [_thread_blocked, id=23308, stack(0x000000d5c1000000,0x000000d5c1100000) (1024K)]
  0x000001de282928b0 JavaThread "Unconstrained build operations Thread 107"        [_thread_blocked, id=21768, stack(0x000000d5c1100000,0x000000d5c1200000) (1024K)]
  0x000001de28292f40 JavaThread "Unconstrained build operations Thread 108"        [_thread_blocked, id=15708, stack(0x000000d5c1200000,0x000000d5c1300000) (1024K)]
  0x000001de282935d0 JavaThread "Unconstrained build operations Thread 109"        [_thread_blocked, id=14800, stack(0x000000d5c1300000,0x000000d5c1400000) (1024K)]
  0x000001de28293c60 JavaThread "Unconstrained build operations Thread 110"        [_thread_blocked, id=15812, stack(0x000000d5c1400000,0x000000d5c1500000) (1024K)]
  0x000001de2af890f0 JavaThread "Unconstrained build operations Thread 111"        [_thread_blocked, id=30232, stack(0x000000d5c1500000,0x000000d5c1600000) (1024K)]
  0x000001de2af89780 JavaThread "Unconstrained build operations Thread 112"        [_thread_blocked, id=7648, stack(0x000000d5c1600000,0x000000d5c1700000) (1024K)]
  0x000001de2af86300 JavaThread "Unconstrained build operations Thread 113"        [_thread_blocked, id=11568, stack(0x000000d5c1700000,0x000000d5c1800000) (1024K)]
  0x000001de2af89e10 JavaThread "Unconstrained build operations Thread 114"        [_thread_blocked, id=2876, stack(0x000000d5c1800000,0x000000d5c1900000) (1024K)]
  0x000001de2af883d0 JavaThread "Unconstrained build operations Thread 115"        [_thread_blocked, id=27500, stack(0x000000d5c1900000,0x000000d5c1a00000) (1024K)]
  0x000001de2af86990 JavaThread "Unconstrained build operations Thread 116"        [_thread_blocked, id=17672, stack(0x000000d5c1a00000,0x000000d5c1b00000) (1024K)]
  0x000001de2af8a4a0 JavaThread "Unconstrained build operations Thread 117"        [_thread_blocked, id=7324, stack(0x000000d5c1b00000,0x000000d5c1c00000) (1024K)]
  0x000001de2af87020 JavaThread "Unconstrained build operations Thread 118"        [_thread_blocked, id=31044, stack(0x000000d5c1c00000,0x000000d5c1d00000) (1024K)]
  0x000001de2af8ab30 JavaThread "Unconstrained build operations Thread 119"        [_thread_blocked, id=5436, stack(0x000000d5c1d00000,0x000000d5c1e00000) (1024K)]
  0x000001de2af876b0 JavaThread "Unconstrained build operations Thread 120"        [_thread_blocked, id=29480, stack(0x000000d5c1e00000,0x000000d5c1f00000) (1024K)]
  0x000001de27893110 JavaThread "C2 CompilerThread1"         daemon [_thread_blocked, id=8120, stack(0x000000d5b7100000,0x000000d5b7200000) (1024K)]
Total: 173

Other Threads:
=>0x000001de7ef1f9e0 VMThread "VM Thread"                           [id=19068, stack(0x000000d5b6600000,0x000000d5b6700000) (1024K)]
  0x000001de7c2c89b0 WatcherThread "VM Periodic Task Thread"        [id=12712, stack(0x000000d5b6500000,0x000000d5b6600000) (1024K)]
  0x000001de6cb19550 WorkerThread "GC Thread#0"                     [id=2548, stack(0x000000d5b6000000,0x000000d5b6100000) (1024K)]
  0x000001de7f579cc0 WorkerThread "GC Thread#1"                     [id=26344, stack(0x000000d5b7300000,0x000000d5b7400000) (1024K)]
  0x000001de7f941b70 WorkerThread "GC Thread#2"                     [id=2960, stack(0x000000d5b7400000,0x000000d5b7500000) (1024K)]
  0x000001de7f77e400 WorkerThread "GC Thread#3"                     [id=22584, stack(0x000000d5b7500000,0x000000d5b7600000) (1024K)]
  0x000001de7fb9e5e0 WorkerThread "GC Thread#4"                     [id=16944, stack(0x000000d5b7600000,0x000000d5b7700000) (1024K)]
  0x000001de7fb9e980 WorkerThread "GC Thread#5"                     [id=21824, stack(0x000000d5b7700000,0x000000d5b7800000) (1024K)]
  0x000001de7f48b850 WorkerThread "GC Thread#6"                     [id=14956, stack(0x000000d5b7800000,0x000000d5b7900000) (1024K)]
  0x000001de7f860d80 WorkerThread "GC Thread#7"                     [id=16316, stack(0x000000d5b7900000,0x000000d5b7a00000) (1024K)]
  0x000001de7f5b8320 WorkerThread "GC Thread#8"                     [id=1700, stack(0x000000d5b7a00000,0x000000d5b7b00000) (1024K)]
  0x000001de7f5b7be0 WorkerThread "GC Thread#9"                     [id=10904, stack(0x000000d5b7b00000,0x000000d5b7c00000) (1024K)]
  0x000001de6cb2a710 ConcurrentGCThread "G1 Main Marker"            [id=6760, stack(0x000000d5b6100000,0x000000d5b6200000) (1024K)]
  0x000001de6cb2cb40 WorkerThread "G1 Conc#0"                       [id=12812, stack(0x000000d5b6200000,0x000000d5b6300000) (1024K)]
  0x000001de7f5b74a0 WorkerThread "G1 Conc#1"                       [id=26244, stack(0x000000d5b8500000,0x000000d5b8600000) (1024K)]
  0x000001de7f5b7f80 WorkerThread "G1 Conc#2"                       [id=25188, stack(0x000000d5b8600000,0x000000d5b8700000) (1024K)]
  0x000001de7c18d260 ConcurrentGCThread "G1 Refine#0"               [id=29796, stack(0x000000d5b6300000,0x000000d5b6400000) (1024K)]
  0x000001de7c18db80 ConcurrentGCThread "G1 Service"                [id=21232, stack(0x000000d5b6400000,0x000000d5b6500000) (1024K)]
Total: 18

Threads with active compile tasks:
C2 CompilerThread1  27960 12488   !   4       jdk.internal.loader.Resource::getBytes (244 bytes)
Total: 1

VM state: at safepoint (normal execution)

VM Mutex/Monitor currently owned by a thread:  ([mutex/lock_event])
[0x00007fff1e93d360] Threads_lock - owner thread: 0x000001de7ef1f9e0
[0x00007fff1e93d460] Heap_lock - owner thread: 0x000001de6cb2a710

Heap address: 0x0000000600000000, size: 8192 MB, Compressed Oops mode: Zero based, Oop shift amount: 3

CDS archive(s) not mapped
Compressed class space mapped at: 0x0000000800000000-0x0000000840000000, reserved size: 1073741824
Narrow klass base: 0x0000000800000000, Narrow klass shift: 0, Narrow klass range: 0x40000000

GC Precious Log:
 CardTable entry size: 512
 Card Set container configuration: InlinePtr #cards 4 size 8 Array Of Cards #cards 32 size 80 Howl #buckets 8 coarsen threshold 7372 Howl Bitmap #cards 1024 size 144 coarsen threshold 921 Card regions per heap region 1 cards per card region 8192
 CPUs: 12 total, 12 available
 Memory: 32615M
 Large Page Support: Disabled
 NUMA Support: Disabled
 Compressed Oops: Enabled (Zero based)
 Heap Region Size: 4M
 Heap Min Capacity: 8M
 Heap Initial Capacity: 512M
 Heap Max Capacity: 8G
 Pre-touch: Disabled
 Parallel Workers: 10
 Concurrent Workers: 3
 Concurrent Refinement Workers: 10
 Periodic GC: Disabled

Heap:
 garbage-first heap   total 212992K, used 145574K [0x0000000600000000, 0x0000000800000000)
  region size 4096K, 2 young (8192K), 1 survivors (4096K)
 Metaspace       used 105587K, committed 107776K, reserved 1179648K
  class space    used 14211K, committed 15296K, reserved 1048576K

Heap Regions: E=young(eden), S=young(survivor), O=old, HS=humongous(starts), HC=humongous(continues), CS=collection set, F=free, TAMS=top-at-mark-start, PB=parsable bottom
|   0|0x0000000600000000, 0x0000000600400000, 0x0000000600400000|100%| O|  |TAMS 0x0000000600400000| PB 0x0000000600400000| Untracked 
|   1|0x0000000600400000, 0x0000000600800000, 0x0000000600800000|100%|HS|  |TAMS 0x0000000600800000| PB 0x0000000600400000| Complete 
|   2|0x0000000600800000, 0x0000000600c00000, 0x0000000600c00000|100%| O|  |TAMS 0x0000000600c00000| PB 0x0000000600c00000| Untracked 
|   3|0x0000000600c00000, 0x0000000601000000, 0x0000000601000000|100%| O|  |TAMS 0x0000000601000000| PB 0x0000000601000000| Untracked 
|   4|0x0000000601000000, 0x0000000601400000, 0x0000000601400000|100%| O|  |TAMS 0x0000000601400000| PB 0x0000000601400000| Untracked 
|   5|0x0000000601400000, 0x0000000601800000, 0x0000000601800000|100%| O|  |TAMS 0x0000000601800000| PB 0x0000000601800000| Untracked 
|   6|0x0000000601800000, 0x0000000601c00000, 0x0000000601c00000|100%| O|  |TAMS 0x0000000601c00000| PB 0x0000000601c00000| Untracked 
|   7|0x0000000601c00000, 0x0000000602000000, 0x0000000602000000|100%| O|  |TAMS 0x0000000602000000| PB 0x0000000602000000| Untracked 
|   8|0x0000000602000000, 0x0000000602400000, 0x0000000602400000|100%| O|  |TAMS 0x0000000602400000| PB 0x0000000602400000| Untracked 
|   9|0x0000000602400000, 0x0000000602800000, 0x0000000602800000|100%|HS|  |TAMS 0x0000000602800000| PB 0x0000000602400000| Complete 
|  10|0x0000000602800000, 0x0000000602c00000, 0x0000000602c00000|100%| O|  |TAMS 0x0000000602c00000| PB 0x0000000602c00000| Untracked 
|  11|0x0000000602c00000, 0x0000000603000000, 0x0000000603000000|100%|HS|  |TAMS 0x0000000603000000| PB 0x0000000602c00000| Complete 
|  12|0x0000000603000000, 0x0000000603400000, 0x0000000603400000|100%| O|  |TAMS 0x0000000603400000| PB 0x0000000603400000| Untracked 
|  13|0x0000000603400000, 0x0000000603800000, 0x0000000603800000|100%| O|  |TAMS 0x0000000603800000| PB 0x0000000603800000| Untracked 
|  14|0x0000000603800000, 0x0000000603c00000, 0x0000000603c00000|100%|HS|  |TAMS 0x0000000603c00000| PB 0x0000000603800000| Complete 
|  15|0x0000000603c00000, 0x0000000604000000, 0x0000000604000000|100%| O|  |TAMS 0x0000000604000000| PB 0x0000000604000000| Untracked 
|  16|0x0000000604000000, 0x0000000604400000, 0x0000000604400000|100%| O|  |TAMS 0x0000000604400000| PB 0x0000000604400000| Updating 
|  17|0x0000000604400000, 0x0000000604800000, 0x0000000604800000|100%| O|  |TAMS 0x0000000604400000| PB 0x0000000604400000| Untracked 
|  18|0x0000000604800000, 0x0000000604c00000, 0x0000000604c00000|100%|HS|  |TAMS 0x0000000604c00000| PB 0x0000000604800000| Complete 
|  19|0x0000000604c00000, 0x0000000605000000, 0x0000000605000000|100%| O|  |TAMS 0x0000000605000000| PB 0x0000000605000000| Untracked 
|  20|0x0000000605000000, 0x0000000605400000, 0x0000000605400000|100%| O|  |TAMS 0x0000000605400000| PB 0x0000000605400000| Updating 
|  21|0x0000000605400000, 0x0000000605800000, 0x0000000605800000|100%| O|  |TAMS 0x0000000605800000| PB 0x0000000605800000| Untracked 
|  22|0x0000000605800000, 0x0000000605c00000, 0x0000000605c00000|100%| O|  |TAMS 0x0000000605c00000| PB 0x0000000605c00000| Updating 
|  23|0x0000000605c00000, 0x0000000606000000, 0x0000000606000000|100%| O|  |TAMS 0x0000000606000000| PB 0x0000000606000000| Untracked 
|  24|0x0000000606000000, 0x0000000606400000, 0x0000000606400000|100%| O|  |TAMS 0x0000000606400000| PB 0x0000000606400000| Updating 
|  25|0x0000000606400000, 0x0000000606800000, 0x0000000606800000|100%| O|  |TAMS 0x0000000606800000| PB 0x0000000606800000| Untracked 
|  26|0x0000000606800000, 0x0000000606c00000, 0x0000000606c00000|100%| O|  |TAMS 0x0000000606c00000| PB 0x0000000606c00000| Untracked 
|  27|0x0000000606c00000, 0x0000000607000000, 0x0000000607000000|100%| O|  |TAMS 0x0000000607000000| PB 0x0000000607000000| Untracked 
|  28|0x0000000607000000, 0x0000000607400000, 0x0000000607400000|100%| O|  |TAMS 0x0000000607400000| PB 0x0000000607400000| Untracked 
|  29|0x0000000607400000, 0x0000000607800000, 0x0000000607800000|100%| O|  |TAMS 0x0000000607800000| PB 0x0000000607800000| Updating 
|  30|0x0000000607800000, 0x0000000607c00000, 0x0000000607c00000|100%|HS|  |TAMS 0x0000000607c00000| PB 0x0000000607800000| Complete 
|  31|0x0000000607c00000, 0x0000000608000000, 0x0000000608000000|100%| O|  |TAMS 0x0000000608000000| PB 0x0000000608000000| Updating 
|  32|0x0000000608000000, 0x0000000608400000, 0x0000000608400000|100%| O|  |TAMS 0x0000000608201580| PB 0x0000000608201580| Untracked 
|  33|0x0000000608400000, 0x0000000608688b38, 0x0000000608800000| 63%| O|  |TAMS 0x0000000608400000| PB 0x0000000608400000| Updating 
|  34|0x0000000608800000, 0x0000000608800000, 0x0000000608c00000|  0%| F|  |TAMS 0x0000000608800000| PB 0x0000000608800000| Untracked 
|  35|0x0000000608c00000, 0x0000000608c00000, 0x0000000609000000|  0%| F|  |TAMS 0x0000000608c00000| PB 0x0000000608c00000| Untracked 
|  36|0x0000000609000000, 0x0000000609000000, 0x0000000609400000|  0%| F|  |TAMS 0x0000000609000000| PB 0x0000000609000000| Untracked 
|  37|0x0000000609400000, 0x0000000609400000, 0x0000000609800000|  0%| F|  |TAMS 0x0000000609400000| PB 0x0000000609400000| Untracked 
|  38|0x0000000609800000, 0x0000000609800000, 0x0000000609c00000|  0%| F|  |TAMS 0x0000000609800000| PB 0x0000000609800000| Untracked 
|  39|0x0000000609c00000, 0x0000000609fa10b0, 0x000000060a000000| 90%| S|CS|TAMS 0x0000000609c00000| PB 0x0000000609c00000| Complete 
|  40|0x000000060a000000, 0x000000060a000000, 0x000000060a400000|  0%| F|  |TAMS 0x000000060a000000| PB 0x000000060a000000| Untracked 
|  41|0x000000060a400000, 0x000000060a400000, 0x000000060a800000|  0%| F|  |TAMS 0x000000060a400000| PB 0x000000060a400000| Untracked 
|  42|0x000000060a800000, 0x000000060a800000, 0x000000060ac00000|  0%| F|  |TAMS 0x000000060a800000| PB 0x000000060a800000| Untracked 
|  43|0x000000060ac00000, 0x000000060ac00000, 0x000000060b000000|  0%| F|  |TAMS 0x000000060ac00000| PB 0x000000060ac00000| Untracked 
|  44|0x000000060b000000, 0x000000060b000000, 0x000000060b400000|  0%| F|  |TAMS 0x000000060b000000| PB 0x000000060b000000| Untracked 
|  45|0x000000060b400000, 0x000000060b400000, 0x000000060b800000|  0%| F|  |TAMS 0x000000060b400000| PB 0x000000060b400000| Untracked 
|  46|0x000000060b800000, 0x000000060b800000, 0x000000060bc00000|  0%| F|  |TAMS 0x000000060b800000| PB 0x000000060b800000| Untracked 
|  54|0x000000060d800000, 0x000000060d800000, 0x000000060dc00000|  0%| F|  |TAMS 0x000000060d800000| PB 0x000000060d800000| Untracked 
|  55|0x000000060dc00000, 0x000000060dc00000, 0x000000060e000000|  0%| F|  |TAMS 0x000000060dc00000| PB 0x000000060dc00000| Untracked 
|  56|0x000000060e000000, 0x000000060e000000, 0x000000060e400000|  0%| F|  |TAMS 0x000000060e000000| PB 0x000000060e000000| Untracked 
| 127|0x000000061fc00000, 0x000000061ff91b20, 0x0000000620000000| 89%| E|  |TAMS 0x000000061fc00000| PB 0x000000061fc00000| Complete 
|2047|0x00000007ffc00000, 0x0000000800000000, 0x0000000800000000|100%| O|  |TAMS 0x0000000800000000| PB 0x0000000800000000| Untracked 

Card table byte_map: [0x000001de73040000,0x000001de74040000] _byte_map_base: 0x000001de70040000

Marking Bits: (CMBitMap*) 0x000001de6cb19b60
 Bits: [0x000001de74040000, 0x000001de7c040000)

Polling page: 0x000001de6c770000

Metaspace:

Usage:
  Non-class:     89.23 MB used.
      Class:     13.88 MB used.
       Both:    103.11 MB used.

Virtual space:
  Non-class space:      128.00 MB reserved,      90.31 MB ( 71%) committed,  2 nodes.
      Class space:        1.00 GB reserved,      14.94 MB (  1%) committed,  1 nodes.
             Both:        1.12 GB reserved,     105.25 MB (  9%) committed. 

Chunk freelists:
   Non-Class:  5.02 MB
       Class:  995.00 KB
        Both:  5.99 MB

MaxMetaspaceSize: 4.00 GB
CompressedClassSpaceSize: 1.00 GB
Initial GC threshold: 21.00 MB
Current GC threshold: 169.06 MB
CDS: off
 - commit_granule_bytes: 65536.
 - commit_granule_words: 8192.
 - virtual_space_node_default_size: 8388608.
 - enlarge_chunks_in_place: 1.
 - use_allocation_guard: 0.


Internal statistics:

num_allocs_failed_limit: 9.
num_arena_births: 4040.
num_arena_deaths: 0.
num_vsnodes_births: 3.
num_vsnodes_deaths: 0.
num_space_committed: 1684.
num_space_uncommitted: 0.
num_chunks_returned_to_freelist: 9.
num_chunks_taken_from_freelist: 8492.
num_chunk_merges: 9.
num_chunk_splits: 5556.
num_chunks_enlarged: 3531.
num_inconsistent_stats: 0.

CodeHeap 'non-profiled nmethods': size=259264Kb used=6691Kb max_used=7116Kb free=252572Kb
 bounds [0x000001de102d0000, 0x000001de109d0000, 0x000001de20000000]
CodeHeap 'profiled nmethods': size=259264Kb used=19146Kb max_used=19874Kb free=240118Kb
 bounds [0x000001de00000000, 0x000001de01370000, 0x000001de0fd30000]
CodeHeap 'non-nmethods': size=5760Kb used=2832Kb max_used=2905Kb free=2927Kb
 bounds [0x000001de0fd30000, 0x000001de10030000, 0x000001de102d0000]
 total_blobs=11261 nmethods=10305 adapters=860
 compilation: enabled
              stopped_count=0, restarted_count=0
 full_count=0

Compilation events (20 events):
Event: 27.592 Thread 0x000001de7efac5d0 nmethod 12484 0x000001de01367090 code [0x000001de01367260, 0x000001de01367608]
Event: 27.592 Thread 0x000001de7efac5d0 12485       3       org.gradle.api.internal.project.DefaultProject::getBuildPath (10 bytes)
Event: 27.592 Thread 0x000001de7efa47d0 12486       4       org.gradle.api.Named$Namer::determineName (9 bytes)
Event: 27.592 Thread 0x000001de7efac5d0 nmethod 12485 0x000001de01367790 code [0x000001de01367940, 0x000001de01367ad8]
Event: 27.593 Thread 0x000001de7efac5d0 12487       3       java.lang.invoke.BoundMethodHandle$Species_L::copyWith (14 bytes)
Event: 27.593 Thread 0x000001de7efac5d0 nmethod 12487 0x000001de01367c10 code [0x000001de01367dc0, 0x000001de01368040]
Event: 27.595 Thread 0x000001de7efa47d0 nmethod 12486 0x000001de109bfc10 code [0x000001de109bfda0, 0x000001de109bff10]
Event: 27.602 Thread 0x000001de27893110 12488   !   4       jdk.internal.loader.Resource::getBytes (244 bytes)
Event: 27.727 Thread 0x000001de7efa47d0 12489       4       org.gradle.internal.reflect.PropertyAccessorType::of (101 bytes)
Event: 27.728 Thread 0x000001de7efac5d0 12491       3       jdk.proxy1.$Proxy16::<init> (6 bytes)
Event: 27.728 Thread 0x000001de7efac5d0 nmethod 12491 0x000001de01368190 code [0x000001de01368360, 0x000001de013686e8]
Event: 27.732 Thread 0x000001de7efac5d0 12492       3       org.gradle.internal.reflect.JavaReflectionUtil::getWrapperTypeForPrimitiveType (101 bytes)
Event: 27.734 Thread 0x000001de7efac5d0 nmethod 12492 0x000001de01368890 code [0x000001de01368b80, 0x000001de013699e0]
Event: 27.735 Thread 0x000001de7efac5d0 12494       3       org.gradle.internal.instantiation.generator.AsmBackedClassGenerator$ClassBuilderImpl::addLazyGroovySupportSetterOverloads (30 bytes)
Event: 27.736 Thread 0x000001de7efac5d0 nmethod 12494 0x000001de01369d90 code [0x000001de0136a040, 0x000001de0136abd8]
Event: 27.745 Thread 0x000001de7efa47d0 nmethod 12489 0x000001de109c0090 code [0x000001de109c02a0, 0x000001de109c0838]
Event: 27.745 Thread 0x000001de7efa47d0 12493       4       org.objectweb.asm.MethodWriter::putFrame (549 bytes)
Event: 27.772 Thread 0x000001de7efa47d0 nmethod 12493 0x000001de109c0e10 code [0x000001de109c10c0, 0x000001de109c1dd0]
Event: 27.772 Thread 0x000001de7efa47d0 12490       4       java.nio.HeapByteBuffer::<init> (23 bytes)
Event: 27.777 Thread 0x000001de7efa47d0 nmethod 12490 0x000001de109c2810 code [0x000001de109c29c0, 0x000001de109c2df8]

GC Heap History (20 events):
Event: 20.738 GC heap before
{Heap before GC invocations=23 (full 0):
 garbage-first heap   total 155648K, used 132767K [0x0000000600000000, 0x0000000800000000)
  region size 4096K, 14 young (57344K), 2 survivors (8192K)
 Metaspace       used 85947K, committed 87936K, reserved 1179648K
  class space    used 11861K, committed 12864K, reserved 1048576K
}
Event: 20.746 GC heap after
{Heap after GC invocations=24 (full 0):
 garbage-first heap   total 155648K, used 95696K [0x0000000600000000, 0x0000000800000000)
  region size 4096K, 2 young (8192K), 2 survivors (8192K)
 Metaspace       used 85947K, committed 87936K, reserved 1179648K
  class space    used 11861K, committed 12864K, reserved 1048576K
}
Event: 21.446 GC heap before
{Heap before GC invocations=24 (full 0):
 garbage-first heap   total 155648K, used 128464K [0x0000000600000000, 0x0000000800000000)
  region size 4096K, 11 young (45056K), 2 survivors (8192K)
 Metaspace       used 89292K, committed 91328K, reserved 1179648K
  class space    used 12195K, committed 13184K, reserved 1048576K
}
Event: 21.454 GC heap after
{Heap after GC invocations=25 (full 0):
 garbage-first heap   total 155648K, used 99267K [0x0000000600000000, 0x0000000800000000)
  region size 4096K, 1 young (4096K), 1 survivors (4096K)
 Metaspace       used 89292K, committed 91328K, reserved 1179648K
  class space    used 12195K, committed 13184K, reserved 1048576K
}
Event: 22.211 GC heap before
{Heap before GC invocations=26 (full 0):
 garbage-first heap   total 172032K, used 136131K [0x0000000600000000, 0x0000000800000000)
  region size 4096K, 10 young (40960K), 1 survivors (4096K)
 Metaspace       used 93638K, committed 95744K, reserved 1179648K
  class space    used 12659K, committed 13696K, reserved 1048576K
}
Event: 22.216 GC heap after
{Heap after GC invocations=27 (full 0):
 garbage-first heap   total 172032K, used 101065K [0x0000000600000000, 0x0000000800000000)
  region size 4096K, 2 young (8192K), 2 survivors (8192K)
 Metaspace       used 93638K, committed 95744K, reserved 1179648K
  class space    used 12659K, committed 13696K, reserved 1048576K
}
Event: 23.244 GC heap before
{Heap before GC invocations=27 (full 0):
 garbage-first heap   total 172032K, used 146121K [0x0000000600000000, 0x0000000800000000)
  region size 4096K, 13 young (53248K), 2 survivors (8192K)
 Metaspace       used 96038K, committed 98112K, reserved 1179648K
  class space    used 12973K, committed 14016K, reserved 1048576K
}
Event: 23.251 GC heap after
{Heap after GC invocations=28 (full 0):
 garbage-first heap   total 208896K, used 104783K [0x0000000600000000, 0x0000000800000000)
  region size 4096K, 2 young (8192K), 2 survivors (8192K)
 Metaspace       used 96038K, committed 98112K, reserved 1179648K
  class space    used 12973K, committed 14016K, reserved 1048576K
}
Event: 24.708 GC heap before
{Heap before GC invocations=28 (full 0):
 garbage-first heap   total 208896K, used 178511K [0x0000000600000000, 0x0000000800000000)
  region size 4096K, 20 young (81920K), 2 survivors (8192K)
 Metaspace       used 100878K, committed 102976K, reserved 1179648K
  class space    used 13589K, committed 14656K, reserved 1048576K
}
Event: 24.715 GC heap after
{Heap after GC invocations=29 (full 0):
 garbage-first heap   total 208896K, used 115062K [0x0000000600000000, 0x0000000800000000)
  region size 4096K, 3 young (12288K), 3 survivors (12288K)
 Metaspace       used 100878K, committed 102976K, reserved 1179648K
  class space    used 13589K, committed 14656K, reserved 1048576K
}
Event: 25.455 GC heap before
{Heap before GC invocations=29 (full 0):
 garbage-first heap   total 208896K, used 176502K [0x0000000600000000, 0x0000000800000000)
  region size 4096K, 18 young (73728K), 3 survivors (12288K)
 Metaspace       used 101507K, committed 103616K, reserved 1179648K
  class space    used 13690K, committed 14784K, reserved 1048576K
}
Event: 25.464 GC heap after
{Heap after GC invocations=30 (full 0):
 garbage-first heap   total 208896K, used 121084K [0x0000000600000000, 0x0000000800000000)
  region size 4096K, 3 young (12288K), 3 survivors (12288K)
 Metaspace       used 101507K, committed 103616K, reserved 1179648K
  class space    used 13690K, committed 14784K, reserved 1048576K
}
Event: 25.949 GC heap before
{Heap before GC invocations=30 (full 0):
 garbage-first heap   total 208896K, used 174332K [0x0000000600000000, 0x0000000800000000)
  region size 4096K, 17 young (69632K), 3 survivors (12288K)
 Metaspace       used 101755K, committed 103872K, reserved 1179648K
  class space    used 13697K, committed 14784K, reserved 1048576K
}
Event: 25.959 GC heap after
{Heap after GC invocations=31 (full 0):
 garbage-first heap   total 208896K, used 125365K [0x0000000600000000, 0x0000000800000000)
  region size 4096K, 3 young (12288K), 3 survivors (12288K)
 Metaspace       used 101755K, committed 103872K, reserved 1179648K
  class space    used 13697K, committed 14784K, reserved 1048576K
}
Event: 26.203 GC heap before
{Heap before GC invocations=32 (full 0):
 garbage-first heap   total 212992K, used 178613K [0x0000000600000000, 0x0000000800000000)
  region size 4096K, 16 young (65536K), 3 survivors (12288K)
 Metaspace       used 101756K, committed 103872K, reserved 1179648K
  class space    used 13697K, committed 14784K, reserved 1048576K
}
Event: 26.211 GC heap after
{Heap after GC invocations=33 (full 0):
 garbage-first heap   total 212992K, used 128151K [0x0000000600000000, 0x0000000800000000)
  region size 4096K, 2 young (8192K), 2 survivors (8192K)
 Metaspace       used 101756K, committed 103872K, reserved 1179648K
  class space    used 13697K, committed 14784K, reserved 1048576K
}
Event: 27.001 GC heap before
{Heap before GC invocations=33 (full 0):
 garbage-first heap   total 212992K, used 185495K [0x0000000600000000, 0x0000000800000000)
  region size 4096K, 15 young (61440K), 2 survivors (8192K)
 Metaspace       used 103665K, committed 105856K, reserved 1179648K
  class space    used 13967K, committed 15040K, reserved 1048576K
}
Event: 27.010 GC heap after
{Heap after GC invocations=34 (full 0):
 garbage-first heap   total 212992K, used 141317K [0x0000000600000000, 0x0000000800000000)
  region size 4096K, 2 young (8192K), 2 survivors (8192K)
 Metaspace       used 103665K, committed 105856K, reserved 1179648K
  class space    used 13967K, committed 15040K, reserved 1048576K
}
Event: 27.708 GC heap before
{Heap before GC invocations=34 (full 0):
 garbage-first heap   total 212992K, used 182277K [0x0000000600000000, 0x0000000800000000)
  region size 4096K, 13 young (53248K), 2 survivors (8192K)
 Metaspace       used 105405K, committed 107584K, reserved 1179648K
  class space    used 14181K, committed 15232K, reserved 1048576K
}
Event: 27.715 GC heap after
{Heap after GC invocations=35 (full 0):
 garbage-first heap   total 212992K, used 145574K [0x0000000600000000, 0x0000000800000000)
  region size 4096K, 1 young (4096K), 1 survivors (4096K)
 Metaspace       used 105405K, committed 107584K, reserved 1179648K
  class space    used 14181K, committed 15232K, reserved 1048576K
}

Dll operation events (3 events):
Event: 0.019 Loaded shared library C:\Program Files\Android\Android Studio\jbr\bin\java.dll
Event: 0.028 Loaded shared library C:\Program Files\Android\Android Studio\jbr\bin\zip.dll
Event: 0.842 Loaded shared library C:\Program Files\Android\Android Studio\jbr\bin\verify.dll

Deoptimization events (20 events):
Event: 26.330 Thread 0x000001de25298970 DEOPT PACKING pc=0x000001de001c25c9 sp=0x000000d5b81f4830
Event: 26.330 Thread 0x000001de25298970 DEOPT UNPACKING pc=0x000001de0fd84e42 sp=0x000000d5b81f3d30 mode 0
Event: 26.342 Thread 0x000001de25298970 DEOPT PACKING pc=0x000001de001c25c9 sp=0x000000d5b81f4830
Event: 26.342 Thread 0x000001de25298970 DEOPT UNPACKING pc=0x000001de0fd84e42 sp=0x000000d5b81f3d30 mode 0
Event: 26.354 Thread 0x000001de25298970 DEOPT PACKING pc=0x000001de001c25c9 sp=0x000000d5b81f48c0
Event: 26.354 Thread 0x000001de25298970 DEOPT UNPACKING pc=0x000001de0fd84e42 sp=0x000000d5b81f3dc0 mode 0
Event: 26.496 Thread 0x000001de25298970 Uncommon trap: trap_request=0xffffff45 fr.pc=0x000001de10964484 relative=0x00000000000005c4
Event: 26.496 Thread 0x000001de25298970 Uncommon trap: reason=unstable_if action=reinterpret pc=0x000001de10964484 method=java.lang.reflect.Method.isCallerSensitive()Z @ 29 c2
Event: 26.496 Thread 0x000001de25298970 DEOPT PACKING pc=0x000001de10964484 sp=0x000000d5b81f1e90
Event: 26.496 Thread 0x000001de25298970 DEOPT UNPACKING pc=0x000001de0fd846a2 sp=0x000000d5b81f1e60 mode 2
Event: 26.496 Thread 0x000001de25298970 Uncommon trap: trap_request=0xffffff45 fr.pc=0x000001de1077b61c relative=0x000000000000007c
Event: 26.496 Thread 0x000001de25298970 Uncommon trap: reason=unstable_if action=reinterpret pc=0x000001de1077b61c method=java.lang.invoke.MemberName.isResolved()Z @ 4 c2
Event: 26.497 Thread 0x000001de25298970 DEOPT PACKING pc=0x000001de1077b61c sp=0x000000d5b81f1b10
Event: 26.497 Thread 0x000001de25298970 DEOPT UNPACKING pc=0x000001de0fd846a2 sp=0x000000d5b81f1a10 mode 2
Event: 26.908 Thread 0x000001de25298970 Uncommon trap: trap_request=0xffffff45 fr.pc=0x000001de108c0b88 relative=0x0000000000000d68
Event: 26.908 Thread 0x000001de25298970 Uncommon trap: reason=unstable_if action=reinterpret pc=0x000001de108c0b88 method=org.gradle.internal.problems.failure.InternalStackTraceClassifier.isInternal(Ljava/lang/String;)Z @ 51 c2
Event: 26.908 Thread 0x000001de25298970 DEOPT PACKING pc=0x000001de108c0b88 sp=0x000000d5b81f37e0
Event: 26.908 Thread 0x000001de25298970 DEOPT UNPACKING pc=0x000001de0fd846a2 sp=0x000000d5b81f36d0 mode 2
Event: 27.583 Thread 0x000001de25298970 DEOPT PACKING pc=0x000001de00213c0d sp=0x000000d5b81f5c10
Event: 27.583 Thread 0x000001de25298970 DEOPT UNPACKING pc=0x000001de0fd84e42 sp=0x000000d5b81f5100 mode 0

Classes loaded (20 events):
Event: 24.941 Loading class java/util/HashMapBeanInfo
Event: 24.941 Loading class java/util/HashMapBeanInfo done
Event: 24.941 Loading class java/util/HashMapCustomizer
Event: 24.941 Loading class java/util/HashMapCustomizer done
Event: 24.941 Loading class java/util/HashMapCustomizer
Event: 24.941 Loading class java/util/HashMapCustomizer done
Event: 24.943 Loading class java/util/LinkedHashMapCustomizer
Event: 24.943 Loading class java/util/LinkedHashMapCustomizer done
Event: 24.944 Loading class java/util/LinkedHashMapCustomizer
Event: 24.944 Loading class java/util/LinkedHashMapCustomizer done
Event: 25.194 Loading class java/beans/IntrospectionException
Event: 25.194 Loading class java/beans/IntrospectionException done
Event: 26.593 Loading class java/io/NotSerializableException
Event: 26.593 Loading class java/io/NotSerializableException done
Event: 26.713 Loading class sun/reflect/annotation/TypeAnnotationParser
Event: 26.714 Loading class sun/reflect/annotation/TypeAnnotationParser done
Event: 26.714 Loading class sun/reflect/annotation/TypeAnnotation
Event: 26.715 Loading class sun/reflect/annotation/TypeAnnotation done
Event: 26.715 Loading class sun/reflect/annotation/TypeAnnotation$TypeAnnotationTarget
Event: 26.715 Loading class sun/reflect/annotation/TypeAnnotation$TypeAnnotationTarget done

Classes unloaded (0 events):
No events

Classes redefined (0 events):
No events

Internal exceptions (20 events):
Event: 26.884 Thread 0x000001de25298970 Exception <a 'java/lang/ClassNotFoundException'{0x0000000609e70230}: com/flutter/gradle/BaseApplicationNameHandlerBeanInfo> (0x0000000609e70230) 
thrown [s\src\hotspot\share\classfile\systemDictionary.cpp, line 312]
Event: 26.885 Thread 0x000001de25298970 Exception <a 'java/lang/ClassNotFoundException'{0x0000000609e7d140}: com/flutter/gradle/BaseApplicationNameHandlerCustomizer> (0x0000000609e7d140) 
thrown [s\src\hotspot\share\classfile\systemDictionary.cpp, line 312]
Event: 26.895 Thread 0x000001de25298970 Exception <a 'java/lang/ClassNotFoundException'{0x0000000609ed5b18}: org/gradle/api/internal/NamedDomainObjectContainerConfigureDelegateBeanInfo> (0x0000000609ed5b18) 
thrown [s\src\hotspot\share\classfile\systemDictionary.cpp, line 312]
Event: 26.896 Thread 0x000001de25298970 Exception <a 'java/lang/ClassNotFoundException'{0x0000000609eecb30}: org/gradle/api/internal/NamedDomainObjectContainerConfigureDelegateCustomizer> (0x0000000609eecb30) 
thrown [s\src\hotspot\share\classfile\systemDictionary.cpp, line 312]
Event: 26.952 Thread 0x000001de25298970 Exception <a 'java/lang/NoSuchMethodError'{0x00000006098ac520}: 'void java.lang.invoke.DirectMethodHandle$Holder.invokeVirtual(java.lang.Object, java.lang.Object, int)'> (0x00000006098ac520) 
thrown [s\src\hotspot\share\interpreter\linkResolver.cpp, line 784]
Event: 26.953 Thread 0x000001de25298970 Exception <a 'java/lang/NoSuchMethodError'{0x00000006098b16a0}: 'void java.lang.invoke.DelegatingMethodHandle$Holder.reinvoke_L(java.lang.Object, java.lang.Object, int)'> (0x00000006098b16a0) 
thrown [s\src\hotspot\share\interpreter\linkResolver.cpp, line 784]
Event: 26.962 Thread 0x000001de25298970 Exception <a 'java/lang/ClassNotFoundException'{0x0000000609a0be98}: org/gradle/api/internal/plugins/DefaultPluginContainerBeanInfo> (0x0000000609a0be98) 
thrown [s\src\hotspot\share\classfile\systemDictionary.cpp, line 312]
Event: 26.965 Thread 0x000001de25298970 Exception <a 'java/lang/ClassNotFoundException'{0x0000000609a279f8}: org/gradle/api/internal/plugins/DefaultPluginCollectionBeanInfo> (0x0000000609a279f8) 
thrown [s\src\hotspot\share\classfile\systemDictionary.cpp, line 312]
Event: 26.967 Thread 0x000001de25298970 Exception <a 'java/lang/ClassNotFoundException'{0x0000000609a42818}: org/gradle/api/internal/plugins/DefaultPluginCollectionCustomizer> (0x0000000609a42818) 
thrown [s\src\hotspot\share\classfile\systemDictionary.cpp, line 312]
Event: 26.972 Thread 0x000001de25298970 Exception <a 'java/lang/ClassNotFoundException'{0x0000000609a91ed0}: org/gradle/api/internal/plugins/DefaultPluginContainerCustomizer> (0x0000000609a91ed0) 
thrown [s\src\hotspot\share\classfile\systemDictionary.cpp, line 312]
Event: 27.013 Thread 0x000001de25298970 Exception <a 'java/lang/ClassNotFoundException'{0x000000061fe6c638}: org/gradle/api/internal/artifacts/configurations/DefaultConfigurationContainer_DecoratedBeanInfo> (0x000000061fe6c638) 
thrown [s\src\hotspot\share\classfile\systemDictionary.cpp, line 312]
Event: 27.014 Thread 0x000001de25298970 Exception <a 'java/lang/ClassNotFoundException'{0x000000061fe8ab68}: org/gradle/api/internal/artifacts/configurations/DefaultConfigurationContainerBeanInfo> (0x000000061fe8ab68) 
thrown [s\src\hotspot\share\classfile\systemDictionary.cpp, line 312]
Event: 27.016 Thread 0x000001de25298970 Exception <a 'java/lang/ClassNotFoundException'{0x000000061fea5c28}: org/gradle/api/internal/AbstractValidatingNamedDomainObjectContainerBeanInfo> (0x000000061fea5c28) 
thrown [s\src\hotspot\share\classfile\systemDictionary.cpp, line 312]
Event: 27.017 Thread 0x000001de25298970 Exception <a 'java/lang/ClassNotFoundException'{0x000000061fec0d38}: org/gradle/api/internal/AbstractValidatingNamedDomainObjectContainerCustomizer> (0x000000061fec0d38) 
thrown [s\src\hotspot\share\classfile\systemDictionary.cpp, line 312]
Event: 27.019 Thread 0x000001de25298970 Exception <a 'java/lang/ClassNotFoundException'{0x000000061feea938}: org/gradle/api/internal/artifacts/configurations/DefaultConfigurationContainerCustomizer> (0x000000061feea938) 
thrown [s\src\hotspot\share\classfile\systemDictionary.cpp, line 312]
Event: 27.022 Thread 0x000001de25298970 Exception <a 'java/lang/ClassNotFoundException'{0x000000061ff503c8}: org/gradle/api/internal/artifacts/configurations/DefaultConfigurationContainer_DecoratedCustomizer> (0x000000061ff503c8) 
thrown [s\src\hotspot\share\classfile\systemDictionary.cpp, line 312]
Event: 27.032 Thread 0x000001de25298970 Exception <a 'java/lang/ClassNotFoundException'{0x000000060e000248}: org/gradle/api/internal/artifacts/dsl/dependencies/DefaultDependencyHandler_DecoratedBeanInfo> (0x000000060e000248) 
thrown [s\src\hotspot\share\classfile\systemDictionary.cpp, line 312]
Event: 27.035 Thread 0x000001de25298970 Exception <a 'java/lang/ClassNotFoundException'{0x000000060e01e6b8}: org/gradle/api/internal/artifacts/dsl/dependencies/DefaultDependencyHandlerBeanInfo> (0x000000060e01e6b8) 
thrown [s\src\hotspot\share\classfile\systemDictionary.cpp, line 312]
Event: 27.037 Thread 0x000001de25298970 Exception <a 'java/lang/ClassNotFoundException'{0x000000060e03cae8}: org/gradle/api/internal/artifacts/dsl/dependencies/DefaultDependencyHandlerCustomizer> (0x000000060e03cae8) 
thrown [s\src\hotspot\share\classfile\systemDictionary.cpp, line 312]
Event: 27.040 Thread 0x000001de25298970 Exception <a 'java/lang/ClassNotFoundException'{0x000000060e08e498}: org/gradle/api/internal/artifacts/dsl/dependencies/DefaultDependencyHandler_DecoratedCustomizer> (0x000000060e08e498) 
thrown [s\src\hotspot\share\classfile\systemDictionary.cpp, line 312]

ZGC Phase Switch (0 events):
No events

VM Operations (20 events):
Event: 24.715 Executing VM operation: G1CollectForAllocation (G1 Evacuation Pause) done
Event: 25.455 Executing VM operation: G1CollectForAllocation (G1 Evacuation Pause)
Event: 25.464 Executing VM operation: G1CollectForAllocation (G1 Evacuation Pause) done
Event: 25.754 Executing VM operation: ICBufferFull
Event: 25.754 Executing VM operation: ICBufferFull done
Event: 25.948 Executing VM operation: G1CollectForAllocation (G1 Evacuation Pause)
Event: 25.959 Executing VM operation: G1CollectForAllocation (G1 Evacuation Pause) done
Event: 26.045 Executing VM operation: G1PauseRemark
Event: 26.051 Executing VM operation: G1PauseRemark done
Event: 26.079 Executing VM operation: G1PauseCleanup
Event: 26.079 Executing VM operation: G1PauseCleanup done
Event: 26.203 Executing VM operation: G1CollectForAllocation (G1 Evacuation Pause)
Event: 26.211 Executing VM operation: G1CollectForAllocation (G1 Evacuation Pause) done
Event: 27.001 Executing VM operation: G1CollectForAllocation (G1 Evacuation Pause)
Event: 27.010 Executing VM operation: G1CollectForAllocation (G1 Evacuation Pause) done
Event: 27.629 Executing VM operation: HandshakeAllThreads (Deoptimize)
Event: 27.629 Executing VM operation: HandshakeAllThreads (Deoptimize) done
Event: 27.708 Executing VM operation: G1CollectForAllocation (G1 Evacuation Pause)
Event: 27.715 Executing VM operation: G1CollectForAllocation (G1 Evacuation Pause) done
Event: 27.835 Executing VM operation: G1PauseRemark

Memory protections (0 events):
No events

Nmethod flushes (20 events):
Event: 27.840 Thread 0x000001de7ef1f9e0 flushing  nmethod 0x000001de00965890
Event: 27.840 Thread 0x000001de7ef1f9e0 flushing  nmethod 0x000001de009ebe10
Event: 27.840 Thread 0x000001de7ef1f9e0 flushing  nmethod 0x000001de00aef990
Event: 27.840 Thread 0x000001de7ef1f9e0 flushing  nmethod 0x000001de00d91910
Event: 27.840 Thread 0x000001de7ef1f9e0 flushing  nmethod 0x000001de00ec7e10
Event: 27.840 Thread 0x000001de7ef1f9e0 flushing  nmethod 0x000001de01067490
Event: 27.840 Thread 0x000001de7ef1f9e0 flushing  nmethod 0x000001de1038b790
Event: 27.840 Thread 0x000001de7ef1f9e0 flushing  nmethod 0x000001de105aa690
Event: 27.840 Thread 0x000001de7ef1f9e0 flushing  nmethod 0x000001de107e5590
Event: 27.840 Thread 0x000001de7ef1f9e0 flushing  nmethod 0x000001de108d7010
Event: 27.840 Thread 0x000001de7ef1f9e0 flushing osr nmethod 0x000001de108da410
Event: 27.840 Thread 0x000001de7ef1f9e0 flushing  nmethod 0x000001de000b3b10
Event: 27.840 Thread 0x000001de7ef1f9e0 flushing  nmethod 0x000001de00163d10
Event: 27.840 Thread 0x000001de7ef1f9e0 flushing  nmethod 0x000001de002d5a10
Event: 27.840 Thread 0x000001de7ef1f9e0 flushing  nmethod 0x000001de0043fa90
Event: 27.840 Thread 0x000001de7ef1f9e0 flushing  nmethod 0x000001de00665c90
Event: 27.840 Thread 0x000001de7ef1f9e0 flushing  nmethod 0x000001de009a8490
Event: 27.840 Thread 0x000001de7ef1f9e0 flushing  nmethod 0x000001de009a9690
Event: 27.840 Thread 0x000001de7ef1f9e0 flushing  nmethod 0x000001de00bf0210
Event: 27.840 Thread 0x000001de7ef1f9e0 flushing  nmethod 0x000001de00c95090

Events (20 events):
Event: 25.711 Thread 0x000001de25298970 Thread added: 0x000001de28292220
Event: 25.711 Thread 0x000001de25298970 Thread added: 0x000001de282928b0
Event: 25.712 Thread 0x000001de25298970 Thread added: 0x000001de28292f40
Event: 25.712 Thread 0x000001de25298970 Thread added: 0x000001de282935d0
Event: 25.713 Thread 0x000001de25298970 Thread added: 0x000001de28293c60
Event: 25.769 Thread 0x000001de25298970 Thread added: 0x000001de2af890f0
Event: 25.770 Thread 0x000001de25298970 Thread added: 0x000001de2af89780
Event: 25.771 Thread 0x000001de25298970 Thread added: 0x000001de2af86300
Event: 25.773 Thread 0x000001de25298970 Thread added: 0x000001de2af89e10
Event: 25.774 Thread 0x000001de25298970 Thread added: 0x000001de2af883d0
Event: 25.775 Thread 0x000001de25298970 Thread added: 0x000001de2af86990
Event: 25.777 Thread 0x000001de25298970 Thread added: 0x000001de2af8a4a0
Event: 25.778 Thread 0x000001de25298970 Thread added: 0x000001de2af87020
Event: 25.780 Thread 0x000001de25298970 Thread added: 0x000001de2af8ab30
Event: 25.782 Thread 0x000001de25298970 Thread added: 0x000001de2af876b0
Event: 26.471 Thread 0x000001de27893110 Thread exited: 0x000001de27893110
Event: 26.474 Thread 0x000001de27894c50 Thread exited: 0x000001de27894c50
Event: 26.517 Thread 0x000001de7efac5d0 Thread added: 0x000001de27893110
Event: 26.519 Thread 0x000001de7efa47d0 Thread added: 0x000001de27897c00
Event: 27.434 Thread 0x000001de27897c00 Thread exited: 0x000001de27897c00


Dynamic libraries:
0x00007ff6269b0000 - 0x00007ff6269ba000 	C:\Program Files\Android\Android Studio\jbr\bin\java.exe
0x00007fffe86a0000 - 0x00007fffe8907000 	C:\WINDOWS\SYSTEM32\ntdll.dll
0x00007fffe79c0000 - 0x00007fffe7a8b000 	C:\WINDOWS\System32\KERNEL32.DLL
0x00007fffe58a0000 - 0x00007fffe5ca2000 	C:\WINDOWS\System32\KERNELBASE.dll
0x00007fffe5d70000 - 0x00007fffe5ebc000 	C:\WINDOWS\System32\ucrtbase.dll
0x00007fffb5c70000 - 0x00007fffb5c88000 	C:\Program Files\Android\Android Studio\jbr\bin\jli.dll
0x00007fffa5330000 - 0x00007fffa534b000 	C:\Program Files\Android\Android Studio\jbr\bin\VCRUNTIME140.dll
0x00007fffe7c20000 - 0x00007fffe7def000 	C:\WINDOWS\System32\USER32.dll
0x00007fffc0f20000 - 0x00007fffc11b0000 	C:\WINDOWS\WinSxS\amd64_microsoft.windows.common-controls_6595b64144ccf1df_6.0.26100.9278_none_3e0d1ba8e3303201\COMCTL32.dll
0x00007fffe62d0000 - 0x00007fffe62f7000 	C:\WINDOWS\System32\win32u.dll
0x00007fffe8570000 - 0x00007fffe859b000 	C:\WINDOWS\System32\GDI32.dll
0x00007fffe8140000 - 0x00007fffe81e9000 	C:\WINDOWS\System32\msvcrt.dll
0x00007fffe5f80000 - 0x00007fffe60a9000 	C:\WINDOWS\System32\gdi32full.dll
0x00007fffe5ed0000 - 0x00007fffe5f73000 	C:\WINDOWS\System32\msvcp_win.dll
0x00007fffe81f0000 - 0x00007fffe8221000 	C:\WINDOWS\System32\IMM32.DLL
0x00007fffd0370000 - 0x00007fffd037c000 	C:\Program Files\Android\Android Studio\jbr\bin\vcruntime140_1.dll
0x00007fff6c9c0000 - 0x00007fff6ca4d000 	C:\Program Files\Android\Android Studio\jbr\bin\msvcp140.dll
0x00007fff1dd90000 - 0x00007fff1ea1a000 	C:\Program Files\Android\Android Studio\jbr\bin\server\jvm.dll
0x00007fffe8360000 - 0x00007fffe841c000 	C:\WINDOWS\System32\ADVAPI32.dll
0x00007fffe7e00000 - 0x00007fffe7ea9000 	C:\WINDOWS\System32\sechost.dll
0x00007fffe7eb0000 - 0x00007fffe7fc8000 	C:\WINDOWS\System32\RPCRT4.dll
0x00007fffe63f0000 - 0x00007fffe6470000 	C:\WINDOWS\System32\WS2_32.dll
0x00007fffe5700000 - 0x00007fffe575e000 	C:\WINDOWS\SYSTEM32\POWRPROF.dll
0x00007fffcefb0000 - 0x00007fffcefe6000 	C:\WINDOWS\SYSTEM32\WINMM.dll
0x00007fffde8b0000 - 0x00007fffde8bb000 	C:\WINDOWS\SYSTEM32\VERSION.dll
0x00007fffe56e0000 - 0x00007fffe56f5000 	C:\WINDOWS\SYSTEM32\UMPDC.dll
0x00007fffe4530000 - 0x00007fffe454b000 	C:\WINDOWS\SYSTEM32\kernel.appcore.dll
0x00007fffd00c0000 - 0x00007fffd00ca000 	C:\Program Files\Android\Android Studio\jbr\bin\jimage.dll
0x00007fffddad0000 - 0x00007fffddd1c000 	C:\WINDOWS\SYSTEM32\DBGHELP.DLL
0x00007fffe67a0000 - 0x00007fffe6b25000 	C:\WINDOWS\System32\combase.dll
0x00007fffe8430000 - 0x00007fffe8509000 	C:\WINDOWS\System32\OLEAUT32.dll
0x00007fffc2000000 - 0x00007fffc203b000 	C:\WINDOWS\SYSTEM32\dbgcore.DLL
0x00007fffe6300000 - 0x00007fffe63ac000 	C:\WINDOWS\System32\bcryptPrimitives.dll
0x00007fffa8340000 - 0x00007fffa834e000 	C:\Program Files\Android\Android Studio\jbr\bin\instrument.dll
0x00007fff758c0000 - 0x00007fff758e0000 	C:\Program Files\Android\Android Studio\jbr\bin\java.dll
0x00007fff75500000 - 0x00007fff75518000 	C:\Program Files\Android\Android Studio\jbr\bin\zip.dll
0x00007fffe6d90000 - 0x00007fffe7528000 	C:\WINDOWS\System32\SHELL32.dll
0x00007fffe32e0000 - 0x00007fffe3b8e000 	C:\WINDOWS\SYSTEM32\windows.storage.dll
0x00007fffe8040000 - 0x00007fffe813b000 	C:\WINDOWS\System32\SHCORE.dll
0x00007fffe7a90000 - 0x00007fffe7af6000 	C:\WINDOWS\System32\shlwapi.dll
0x00007fffe57c0000 - 0x00007fffe57e9000 	C:\WINDOWS\SYSTEM32\profapi.dll
0x00007fffc5480000 - 0x00007fffc5490000 	C:\Program Files\Android\Android Studio\jbr\bin\net.dll
0x00007fffdd590000 - 0x00007fffdd6ba000 	C:\WINDOWS\SYSTEM32\WINHTTP.dll
0x00007fffe4ad0000 - 0x00007fffe4b3c000 	C:\WINDOWS\system32\mswsock.dll
0x00007fff754e0000 - 0x00007fff754f6000 	C:\Program Files\Android\Android Studio\jbr\bin\nio.dll
0x00007fffb7d40000 - 0x00007fffb7d50000 	C:\Program Files\Android\Android Studio\jbr\bin\verify.dll
0x00007fff6c990000 - 0x00007fff6c9b7000 	C:\Users\HP\.gradle\native\c067742578af261105cb4f569cf0c3c89f3d7b1fecec35dd04571415982c5e48\windows-amd64\native-platform.dll
0x00007fff59a00000 - 0x00007fff59b44000 	C:\Users\HP\.gradle\native\100fb08df4bc3b14c8652ba06237920a3bd2aa13389f12d3474272988ae205f9\windows-amd64\native-platform-file-events.dll
0x00007fffb7750000 - 0x00007fffb7759000 	C:\Program Files\Android\Android Studio\jbr\bin\management.dll
0x00007fffb5770000 - 0x00007fffb577b000 	C:\Program Files\Android\Android Studio\jbr\bin\management_ext.dll
0x00007fffe8350000 - 0x00007fffe8358000 	C:\WINDOWS\System32\PSAPI.DLL
0x00007fffe4ef0000 - 0x00007fffe4f0b000 	C:\WINDOWS\SYSTEM32\CRYPTSP.dll
0x00007fffe4490000 - 0x00007fffe44c9000 	C:\WINDOWS\system32\rsaenh.dll
0x00007fffe4b80000 - 0x00007fffe4bb4000 	C:\WINDOWS\SYSTEM32\USERENV.dll
0x00007fffe5790000 - 0x00007fffe57ba000 	C:\WINDOWS\SYSTEM32\bcrypt.dll
0x00007fffe4d30000 - 0x00007fffe4d3c000 	C:\WINDOWS\SYSTEM32\CRYPTBASE.dll
0x00007fffe3ee0000 - 0x00007fffe3f13000 	C:\WINDOWS\SYSTEM32\IPHLPAPI.DLL
0x00007fffe7fd0000 - 0x00007fffe7fda000 	C:\WINDOWS\System32\NSI.dll
0x00007fffa8840000 - 0x00007fffa8849000 	C:\Program Files\Android\Android Studio\jbr\bin\extnet.dll
0x00007fffe2670000 - 0x00007fffe2678000 	C:\WINDOWS\system32\wshunix.dll
0x00007fff70110000 - 0x00007fff70128000 	C:\WINDOWS\system32\napinsp.dll
0x00007fffe3f70000 - 0x00007fffe40c8000 	C:\WINDOWS\SYSTEM32\DNSAPI.dll
0x00007fffe48f0000 - 0x00007fffe48fd000 	C:\WINDOWS\SYSTEM32\DSPARSE.dll
0x00007fff700f0000 - 0x00007fff70103000 	C:\WINDOWS\System32\winrnr.dll
0x00007fff70130000 - 0x00007fff70157000 	C:\WINDOWS\system32\nlansp_c.dll
0x00007fffddd30000 - 0x00007fffddd46000 	C:\WINDOWS\system32\wshbth.dll
0x00007fffda870000 - 0x00007fffda87b000 	C:\Windows\System32\rasadhlp.dll
0x00007fffdbe70000 - 0x00007fffdbef6000 	C:\WINDOWS\System32\fwpuclnt.dll

dbghelp: loaded successfully - version: 4.0.5 - missing functions: none
symbol engine: initialized successfully - sym options: 0x614 - pdb path: .;C:\Program Files\Android\Android Studio\jbr\bin;C:\WINDOWS\SYSTEM32;C:\WINDOWS\WinSxS\amd64_microsoft.windows.common-controls_6595b64144ccf1df_6.0.26100.9278_none_3e0d1ba8e3303201;C:\Program Files\Android\Android Studio\jbr\bin\server;C:\Users\HP\.gradle\native\c067742578af261105cb4f569cf0c3c89f3d7b1fecec35dd04571415982c5e48\windows-amd64;C:\Users\HP\.gradle\native\100fb08df4bc3b14c8652ba06237920a3bd2aa13389f12d3474272988ae205f9\windows-amd64

VM Arguments:
jvm_args: -XX:MaxMetaspaceSize=4G -XX:ReservedCodeCacheSize=512m -XX:+HeapDumpOnOutOfMemoryError --add-opens=java.base/java.util=ALL-UNNAMED --add-opens=java.base/java.lang=ALL-UNNAMED --add-opens=java.base/java.lang.invoke=ALL-UNNAMED --add-opens=java.prefs/java.util.prefs=ALL-UNNAMED --add-exports=jdk.compiler/com.sun.tools.javac.api=ALL-UNNAMED --add-exports=jdk.compiler/com.sun.tools.javac.util=ALL-UNNAMED --add-opens=java.base/java.nio.charset=ALL-UNNAMED --add-opens=java.base/java.net=ALL-UNNAMED --add-opens=java.base/java.util.concurrent.atomic=ALL-UNNAMED -Xmx8G -Dfile.encoding=UTF-8 -Duser.country=US -Duser.language=en -Duser.variant -javaagent:C:\Users\HP\.gradle\wrapper\dists\gradle-8.10.2-all\7iv73wktx1xtkvlq19urqw1wm\gradle-8.10.2\lib\agents\gradle-instrumentation-agent-8.10.2.jar 
java_command: org.gradle.launcher.daemon.bootstrap.GradleDaemon 8.10.2
java_class_path (initial): C:\Users\HP\.gradle\wrapper\dists\gradle-8.10.2-all\7iv73wktx1xtkvlq19urqw1wm\gradle-8.10.2\lib\gradle-daemon-main-8.10.2.jar
Launcher Type: SUN_STANDARD

[Global flags]
     intx CICompilerCount                          = 4                                         {product} {ergonomic}
     uint ConcGCThreads                            = 3                                         {product} {ergonomic}
     uint G1ConcRefinementThreads                  = 10                                        {product} {ergonomic}
   size_t G1HeapRegionSize                         = 4194304                                   {product} {ergonomic}
    uintx GCDrainStackTargetSize                   = 64                                        {product} {ergonomic}
     bool HeapDumpOnOutOfMemoryError               = true                                   {manageable} {command line}
   size_t InitialHeapSize                          = 536870912                                 {product} {ergonomic}
   size_t MarkStackSize                            = 4194304                                   {product} {ergonomic}
   size_t MaxHeapSize                              = 8589934592                                {product} {command line}
   size_t MaxMetaspaceSize                         = 4294967296                                {product} {command line}
   size_t MaxNewSize                               = 5150605312                                {product} {ergonomic}
   size_t MinHeapDeltaBytes                        = 4194304                                   {product} {ergonomic}
   size_t MinHeapSize                              = 8388608                                   {product} {ergonomic}
    uintx NonNMethodCodeHeapSize                   = 5839372                                {pd product} {ergonomic}
    uintx NonProfiledCodeHeapSize                  = 265515770                              {pd product} {ergonomic}
    uintx ProfiledCodeHeapSize                     = 265515770                              {pd product} {ergonomic}
    uintx ReservedCodeCacheSize                    = 536870912                              {pd product} {command line}
     bool SegmentedCodeCache                       = true                                      {product} {ergonomic}
   size_t SoftMaxHeapSize                          = 8589934592                             {manageable} {ergonomic}
     bool UseCompressedOops                        = true                           {product lp64_product} {ergonomic}
     bool UseG1GC                                  = true                                      {product} {ergonomic}
     bool UseLargePagesIndividualAllocation        = false                                  {pd product} {ergonomic}

Logging:
Log output configuration:
 #0: stdout all=warning uptime,level,tags foldmultilines=false
 #1: stderr all=off uptime,level,tags foldmultilines=false

Environment Variables:
JAVA_HOME=C:\Program Files\Android\Android Studio\jbr
CLASSPATH=D:\Cavallo\social_commerce_app\android\\gradle\wrapper\gradle-wrapper.jar
PATH=C:\Program Files\Android\Android Studio\jbr\bin;C:\Program Files (x86)\Common Files\Oracle\Java\java8path;C:\Program Files (x86)\Common Files\Oracle\Java\javapath;C:\Program Files (x86)\Common Files\Intel\Shared Libraries\redist\intel64\compiler;C:\WINDOWS\system32;C:\WINDOWS;C:\WINDOWS\System32\Wbem;C:\WINDOWS\System32\WindowsPowerShell\v1.0\;C:\WINDOWS\System32\OpenSSH\;C:\Program Files\nodejs\;C:\ProgramData\chocolatey\bin;C:\Program Files\Git\cmd;C:\Program Files (x86)\Windows Kits\10\Windows Performance Toolkit\;C:\Program Files\GitHub CLI\;C:\flyctl;C:\mingw64\bin;C:\gettext\bin;;C:\Program Files\dotnet\;C:\Program Files\Docker\Docker\resources\bin;C:\Users\HP\.cargo\bin;C:\Users\HP\AppData\Local\Programs\Python\Python313\Scripts\;C:\Users\HP\AppData\Local\Programs\Python\Python313\;C:\Users\HP\AppData\Local\Programs\Python\Launcher\;C:\Users\HP\AppData\Local\Microsoft\WindowsApps;C:\Users\HP\AppData\Local\Programs\Microsoft VS Code\bin;C:\Users\HP\AppData\Roaming\npm;C:\Users\HP\AppData\Local\Programs\Python\Python313\Scripts;C:\Program Files\JetBrains\PyCharm 2025.1.1\bin;;D:\flutter\bin;C:\Users\HP\AppData\Local\Pub\Cache\bin;C:\tools\dart-sdk\bin;C:\Program Files\heroku\bin;C:\Users\HP\.fly\bin;C:\Users\HP\AppData\Local\Python\bin;C:\Users\HP\AppData\Local\Microsoft\WinGet\Links;;D:\flutter\bin\mingit\cmd
USERNAME=HP
OS=Windows_NT
PROCESSOR_IDENTIFIER=Intel64 Family 6 Model 158 Stepping 13, GenuineIntel
TMP=C:\Users\HP\AppData\Local\Temp
TEMP=C:\Users\HP\AppData\Local\Temp




Periodic native trim disabled

JNI global refs:
JNI global refs: 27, weak refs: 0

JNI global refs memory usage: 835, weak refs: 833

Process memory usage:
Resident Set Size: 516788K (1% of 33397916K total physical memory with 12228420K free physical memory)

OOME stack traces (most recent first):
Classloader memory used:
Loader org.gradle.internal.classloader.VisitableURLClassLoader                         : 44042K
Loader bootstrap                                                                       : 27598K
Loader org.gradle.internal.classloader.VisitableURLClassLoader$InstrumentingVisitableURLClassLoader: 20213K
Loader org.gradle.initialization.MixInLegacyTypesClassLoader                           : 12486K
Loader jdk.internal.loader.ClassLoaders$PlatformClassLoader                            : 508K
Loader jdk.internal.loader.ClassLoaders$AppClassLoader                                 : 234K
Loader org.gradle.internal.classloader.VisitableURLClassLoader                         : 212K
Loader org.codehaus.groovy.runtime.callsite.CallSiteClassLoader                        : 130K
Loader jdk.internal.reflect.DelegatingClassLoader                                      : 111K
Loader org.gradle.groovy.scripts.internal.DefaultScriptCompilationHandler$ScriptClassLoader: 48032B
Loader sun.reflect.misc.MethodUtil                                                     : 2952B

Classes loaded by more than one classloader:
Class Program                                                                         : loaded 11 times (x 68B)
Class Build_gradle$1                                                                  : loaded 4 times (x 71B)
Class Build_gradle                                                                    : loaded 4 times (x 126B)
Class Build_gradle$2                                                                  : loaded 3 times (x 70B)
Class Settings_gradle                                                                 : loaded 3 times (x 124B)
Class org.jetbrains.kotlin.gradle.targets.js.npm.NpmDependencyExtensionKt$defaultNpmDependencyDelegate$1: loaded 2 times (x 163B)
Class org.jetbrains.kotlin.gradle.plugin.KotlinPlatformType$DisambiguationRule        : loaded 2 times (x 72B)
Class org.jetbrains.kotlin.gradle.plugin.KotlinPlatformType$Companion                 : loaded 2 times (x 67B)
Class [Lcom.google.common.base.AbstractIterator$State;                                : loaded 2 times (x 65B)
Class com.google.common.base.CharMatcher$IsEither                                     : loaded 2 times (x 107B)
Class org.gradle.internal.classloader.ClassLoaderHierarchy                            : loaded 2 times (x 66B)
Class org.jetbrains.kotlin.gradle.utils.MutableObservableSet                          : loaded 2 times (x 66B)
Class org.jetbrains.kotlin.gradle.report.BuildReportType                              : loaded 2 times (x 75B)
Class org.jetbrains.kotlin.statistics.metrics.StringAnonymizationPolicy$AllowedListAnonymizer: loaded 2 times (x 75B)
Class com.google.common.collect.ImmutableEnumSet                                      : loaded 2 times (x 142B)
Class com.google.common.util.concurrent.ExecutionError                                : loaded 2 times (x 78B)
Class com.google.common.collect.ImmutableList$1                                       : loaded 2 times (x 93B)
Class org.gradle.api.internal.classpath.ManifestUtil                                  : loaded 2 times (x 67B)
Class org.jetbrains.kotlin.gradle.plugin.mpp.KotlinUsages$KotlinMetadataDisambiguation: loaded 2 times (x 72B)
Class org.jetbrains.kotlin.gradle.plugin.internal.DefaultMppTestReportHelperVariantFactory: loaded 2 times (x 70B)
Class com.google.common.collect.RegularImmutableMap                                   : loaded 2 times (x 117B)
Class com.google.common.collect.ImmutableMap$MapViewOfValuesAsSingletonSets           : loaded 2 times (x 121B)
Class org.jetbrains.kotlin.gradle.plugin.KotlinTargetComponent                        : loaded 2 times (x 66B)
Class org.jetbrains.kotlin.gradle.plugin.VariantImplementationFactories$Companion$getProvider$1: loaded 2 times (x 74B)
Class org.jetbrains.kotlin.statistics.metrics.StringOverridePolicy$OVERRIDE_VERSION_IF_NOT_SET: loaded 2 times (x 81B)
Class org.jetbrains.kotlin.gradle.dsl.KotlinProjectExtension                          : loaded 2 times (x 87B)
Class [Lorg.objectweb.asm.Symbol;                                                     : loaded 2 times (x 65B)
Class org.objectweb.asm.ClassVisitor                                                  : loaded 2 times (x 84B)
Class com.google.common.collect.UnmodifiableListIterator                              : loaded 2 times (x 91B)
Class org.jetbrains.kotlin.gradle.plugin.sources.DefaultKotlinSourceSet$MetadataDependencyTransformation: loaded 2 times (x 68B)
Class org.jetbrains.kotlin.gradle.plugin.KotlinGradleBuildServices                    : loaded 2 times (x 76B)
Class org.jetbrains.kotlin.gradle.plugin.internal.DefaultKotlinTestReportCompatibilityHelperVariantFactory: loaded 2 times (x 70B)
Class org.objectweb.asm.MethodTooLargeException                                       : loaded 2 times (x 79B)
Class [Lcom.google.common.cache.CacheBuilder$OneWeigher;                              : loaded 2 times (x 65B)
Class com.google.common.base.Suppliers                                                : loaded 2 times (x 67B)
Class com.google.common.base.Platform$JdkPatternCompiler                              : loaded 2 times (x 71B)
Class org.gradle.internal.classloader.DefaultClassLoaderFactory                       : loaded 2 times (x 78B)
Class org.jetbrains.kotlin.gradle.targets.js.npm.NpmDependencyExtensionKt             : loaded 2 times (x 67B)
Class org.jetbrains.kotlin.gradle.report.BuildMetricsService                          : loaded 2 times (x 78B)
Class org.jetbrains.kotlin.statistics.metrics.StringAnonymizationPolicy               : loaded 2 times (x 74B)
Class com.google.common.base.CharMatcher$None                                         : loaded 2 times (x 108B)
Class org.gradle.internal.classloader.ClassLoaderVisitor                              : loaded 2 times (x 72B)
Class [Lorg.jetbrains.kotlin.gradle.plugin.KotlinCompilation;                         : loaded 2 times (x 65B)
Class org.jetbrains.kotlin.gradle.dsl.KotlinTargetContainerWithJsPresetFunctions      : loaded 2 times (x 66B)
Class org.jetbrains.kotlin.gradle.plugin.mpp.KotlinTargetComponentWithPublication     : loaded 2 times (x 66B)
Class org.jetbrains.kotlin.gradle.report.ReportingSettings$Companion                  : loaded 2 times (x 67B)
Class org.jetbrains.kotlin.gradle.report.ConfigureReporingKt                          : loaded 2 times (x 67B)
Class org.jetbrains.kotlin.gradle.plugin.statistics.KotlinBuildStatsService$Companion : loaded 2 times (x 67B)
Class [Lcom.google.common.collect.ImmutableMapEntry;                                  : loaded 2 times (x 65B)
Class org.gradle.api.internal.classpath.EffectiveClassPath                            : loaded 2 times (x 86B)
Class org.jetbrains.kotlin.gradle.tasks.TasksProviderKt                               : loaded 2 times (x 67B)
Class org.jetbrains.kotlin.gradle.plugin.sources.DefaultKotlinSourceSetFactory        : loaded 2 times (x 76B)
Class org.jetbrains.kotlin.gradle.utils.CompatibilityKt                               : loaded 2 times (x 67B)
Class com.google.common.collect.ImmutableEnumMap                                      : loaded 2 times (x 121B)
Class com.google.common.collect.ListMultimap                                          : loaded 2 times (x 66B)
Class com.google.common.collect.Iterators$EmptyModifiableIterator                     : loaded 2 times (x 82B)
Class org.jetbrains.kotlin.gradle.plugin.internal.MavenPluginConfigurator$MavenPluginConfiguratorVariantFactory: loaded 2 times (x 66B)
Class com.google.common.collect.Sets$1                                                : loaded 2 times (x 135B)
Class org.objectweb.asm.AnnotationVisitor                                             : loaded 2 times (x 74B)
Class com.google.common.base.Splitter                                                 : loaded 2 times (x 68B)
Class org.gradle.api.internal.DefaultClassPathProvider                                : loaded 2 times (x 72B)
Class org.jetbrains.kotlin.gradle.plugin.internal.DefaultConfigurationTimePropertiesAccessor: loaded 2 times (x 70B)
Class org.jetbrains.kotlin.gradle.plugin.VariantImplementationFactories$Companion$getProvider$2$1: loaded 2 times (x 75B)
Class org.jetbrains.kotlin.statistics.metrics.NumericalMetrics                        : loaded 2 times (x 76B)
Class org.jetbrains.kotlin.gradle.plugin.statistics.KotlinBuildStatsService$Companion$getOrCreateInstance$1: loaded 2 times (x 75B)
Class com.google.common.collect.Sets$2                                                : loaded 2 times (x 135B)
Class [Lorg.gradle.api.internal.ClassPathProvider;                                    : loaded 2 times (x 65B)
Class org.gradle.api.internal.ClassPathProvider                                       : loaded 2 times (x 66B)
Class org.jetbrains.kotlin.gradle.targets.js.npm.PeerNpmDependencyExtension           : loaded 2 times (x 66B)
Class org.jetbrains.kotlin.gradle.plugin.mpp.KotlinMultiplatformPluginKt              : loaded 2 times (x 67B)
Class [Lorg.objectweb.asm.AnnotationVisitor;                                          : loaded 2 times (x 65B)
Class com.google.common.collect.Sets$3                                                : loaded 2 times (x 135B)
Class com.google.common.util.concurrent.AbstractFuture$SafeAtomicHelper               : loaded 2 times (x 75B)
Class com.google.common.cache.LocalCache$LocalLoadingCache                            : loaded 2 times (x 130B)
Class com.google.common.base.AbstractIterator$State                                   : loaded 2 times (x 75B)
Class org.gradle.internal.service.UnknownServiceException                             : loaded 2 times (x 79B)
Class org.jetbrains.kotlin.gradle.targets.js.npm.DefaultPeerNpmDependencyExtension    : loaded 2 times (x 137B)
Class org.jetbrains.kotlin.gradle.utils.SingleAction$run$performedActions$1           : loaded 2 times (x 74B)
Class org.jetbrains.kotlin.gradle.plugin.mpp.AbstractKotlinTarget                     : loaded 2 times (x 134B)
Class org.jetbrains.kotlin.gradle.dsl.KotlinSingleTargetExtension                     : loaded 2 times (x 88B)
Class com.google.common.collect.Sets$4                                                : loaded 2 times (x 135B)
Class org.objectweb.asm.ModuleVisitor                                                 : loaded 2 times (x 77B)
Class com.google.common.cache.LocalCache$Strength$1                                   : loaded 2 times (x 77B)
Class org.jetbrains.kotlin.gradle.targets.js.npm.NpmDependencyExtension               : loaded 2 times (x 66B)
Class org.jetbrains.kotlin.gradle.plugin.LanguageSettingsBuilder                      : loaded 2 times (x 66B)
Class [Lorg.jetbrains.kotlin.statistics.metrics.StringMetrics;                        : loaded 2 times (x 65B)
Class org.jetbrains.kotlin.statistics.metrics.IStatisticsValuesConsumer               : loaded 2 times (x 66B)
Class com.google.common.util.concurrent.SettableFuture                                : loaded 2 times (x 110B)
Class com.google.common.cache.LocalCache$Strength$2                                   : loaded 2 times (x 77B)
Class org.jetbrains.kotlin.gradle.internal.StdlibDependencyManagementKt$configureStdlibVersionAlignment$1: loaded 2 times (x 75B)
Class org.jetbrains.kotlin.gradle.plugin.mpp.KotlinUsages$KotlinCinteropDisambiguation: loaded 2 times (x 72B)
Class org.jetbrains.kotlin.gradle.report.BuildReportType$Companion                    : loaded 2 times (x 67B)
Class org.jetbrains.kotlin.gradle.plugin.KotlinPluginInMultipleProjectsHolder         : loaded 2 times (x 68B)
Class org.jetbrains.kotlin.gradle.utils.ConfigurationCacheKt                          : loaded 2 times (x 67B)
Class com.google.common.cache.LocalCache$Strength$3                                   : loaded 2 times (x 77B)
Class com.google.common.collect.MapDifference                                         : loaded 2 times (x 66B)
Class com.google.common.base.Splitter$1                                               : loaded 2 times (x 73B)
Class [Lorg.jetbrains.kotlin.gradle.dsl.JvmTarget;                                    : loaded 2 times (x 65B)
Class org.jetbrains.kotlin.gradle.plugin.sources.DefaultKotlinSourceSetFactory$setUpSourceSetDefaults$1$1$1: loaded 2 times (x 75B)
Class org.jetbrains.kotlin.gradle.plugin.sources.FragmentConsistencyChecks$optInAnnotationsCheck$1: loaded 2 times (x 75B)
Class org.jetbrains.kotlin.gradle.plugin.mpp.AbstractKotlinCompilationToRunnableFiles : loaded 2 times (x 186B)
Class org.jetbrains.kotlin.gradle.plugin.mpp.KotlinUsages$KotlinMetadataCompatibility : loaded 2 times (x 72B)
Class org.objectweb.asm.FieldWriter                                                   : loaded 2 times (x 74B)
Class com.google.common.cache.CacheBuilder$NullListener                               : loaded 2 times (x 78B)
Class org.gradle.internal.classpath.TransformedClassPath                              : loaded 2 times (x 92B)
Class org.gradle.internal.classloader.InstrumentingClassLoader                        : loaded 2 times (x 66B)
Class org.jetbrains.kotlin.gradle.plugin.sources.FragmentConsistencyChecks$optInAnnotationsCheck$2: loaded 2 times (x 74B)
Class com.google.common.cache.CacheLoader$FunctionToCacheLoader                       : loaded 2 times (x 71B)
Class com.google.common.collect.Iterators$ArrayItr                                    : loaded 2 times (x 93B)
Class com.google.common.collect.ImmutableCollection$Builder                           : loaded 2 times (x 72B)
Class org.jetbrains.kotlin.gradle.plugin.sources.KotlinSourceSetFactory               : loaded 2 times (x 76B)
Class org.jetbrains.kotlin.gradle.plugin.internal.KotlinTestReportCompatibilityHelper$KotlinTestReportCompatibilityHelperVariantFactory: loaded 2 times (x 66B)
Class com.google.common.base.Joiner                                                   : loaded 2 times (x 75B)
Class com.google.common.base.MoreObjects                                              : loaded 2 times (x 67B)
Class org.jetbrains.kotlin.gradle.utils.IsolatedKotlinClasspathClassCastException     : loaded 2 times (x 78B)
Class [Lorg.objectweb.asm.Type;                                                       : loaded 2 times (x 65B)
Class com.google.common.collect.Platform                                              : loaded 2 times (x 67B)
Class com.google.common.collect.UnmodifiableIterator                                  : loaded 2 times (x 76B)
Class org.gradle.internal.service.ServiceLocator                                      : loaded 2 times (x 66B)
Class org.jetbrains.kotlin.gradle.plugin.internal.IdeaSyncDetector$IdeaSyncDetectorVariantFactory: loaded 2 times (x 66B)
Class com.google.common.base.Ascii                                                    : loaded 2 times (x 67B)
Class com.google.common.cache.LocalCache$1                                            : loaded 2 times (x 85B)
Class com.google.common.collect.AbstractMapEntry                                      : loaded 2 times (x 77B)
Class com.google.common.collect.ImmutableList$Builder                                 : loaded 2 times (x 73B)
Class org.jetbrains.kotlin.gradle.plugin.KotlinTargetPreset                           : loaded 2 times (x 66B)
Class org.jetbrains.kotlin.gradle.plugin.mpp.KotlinUsages$KotlinJavaRuntimeJarsCompatibility: loaded 2 times (x 72B)
Class com.google.common.cache.LocalCache$2                                            : loaded 2 times (x 138B)
Class com.google.common.collect.AbstractMultimap                                      : loaded 2 times (x 119B)
Class org.jetbrains.kotlin.gradle.dsl.KotlinCommonOptions                             : loaded 2 times (x 66B)
Class com.google.common.util.concurrent.AbstractFuture$UnsafeAtomicHelper$1           : loaded 2 times (x 72B)
Class com.google.common.collect.RegularImmutableAsList                                : loaded 2 times (x 212B)
Class org.jetbrains.kotlin.gradle.targets.js.npm.NpmDependencyExtensionDelegate       : loaded 2 times (x 163B)
Class org.jetbrains.kotlin.gradle.plugin.sources.FragmentConsistencyChecker           : loaded 2 times (x 68B)
Class org.jetbrains.kotlin.gradle.dsl.DefaultToolchainSupport_Decorated               : loaded 2 times (x 120B)
Class org.jetbrains.kotlin.gradle.report.BuildMetricsService$Companion                : loaded 2 times (x 67B)
Class org.jetbrains.kotlin.gradle.utils.GradleUtilsKt                                 : loaded 2 times (x 67B)
Class org.jetbrains.kotlin.gradle.plugin.internal.MavenPluginConfigurator$DefaultMavenPluginConfiguratorVariantFactory: loaded 2 times (x 70B)
Class org.jetbrains.kotlin.gradle.tasks.KotlinCompileTool                             : loaded 2 times (x 66B)
Class com.google.common.util.concurrent.AbstractFuture$Trusted                        : loaded 2 times (x 66B)
Class com.google.common.collect.Iterators                                             : loaded 2 times (x 67B)
Class com.google.common.base.CharMatcher$RangesMatcher                                : loaded 2 times (x 108B)
Class org.jetbrains.kotlin.gradle.ExperimentalKotlinGradlePluginApi                   : loaded 2 times (x 66B)
Class com.google.common.util.concurrent.UncheckedExecutionException                   : loaded 2 times (x 78B)
Class com.google.common.collect.Lists$StringAsImmutableList                           : loaded 2 times (x 203B)
Class org.jetbrains.kotlin.gradle.plugin.mpp.KotlinJvmAndroidCompilation              : loaded 2 times (x 188B)
Class com.google.common.base.CharMatcher$JavaLetterOrDigit                            : loaded 2 times (x 107B)
Class org.gradle.internal.InternalTransformer                                         : loaded 2 times (x 66B)
Class NativePluginLoader                                                              : loaded 2 times (x 89B)
Class org.jetbrains.kotlin.gradle.targets.js.npm.DefaultDevNpmDependencyExtension     : loaded 2 times (x 141B)
Class [Lorg.jetbrains.kotlin.gradle.plugin.HasKotlinDependencies;                     : loaded 2 times (x 65B)
Class org.jetbrains.kotlin.gradle.plugin.KotlinPlatformType                           : loaded 2 times (x 78B)
Class org.jetbrains.kotlin.gradle.plugin.KotlinGradleBuildServices$Companion          : loaded 2 times (x 67B)
Class org.objectweb.asm.ClassWriter                                                   : loaded 2 times (x 102B)
Class com.google.common.cache.CacheLoader$UnsupportedLoadingOperationException        : loaded 2 times (x 78B)
Class com.google.common.base.CharMatcher$And                                          : loaded 2 times (x 108B)
Class org.gradle.internal.classloader.ClasspathUtil$1                                 : loaded 2 times (x 72B)
Class com.google.common.collect.AbstractMapBasedMultimap$Itr                          : loaded 2 times (x 79B)
Class org.jetbrains.kotlin.gradle.plugin.ProjectLocalConfigurations$ProjectLocalDisambiguation: loaded 2 times (x 72B)
Class org.jetbrains.kotlin.gradle.plugin.KotlinGradleBuildServices$detectKotlinPluginLoadedInMultipleProjects$onRegister$1$1: loaded 2 times (x 71B)
Class org.objectweb.asm.FieldVisitor                                                  : loaded 2 times (x 73B)
Class com.google.common.collect.IndexedImmutableSet                                   : loaded 2 times (x 146B)
Class com.google.common.collect.ImmutableMap$1                                        : loaded 2 times (x 77B)
Class com.google.common.collect.BiMap                                                 : loaded 2 times (x 66B)
Class org.gradle.api.internal.classpath.DefaultModuleRegistry$DefaultModule           : loaded 2 times (x 82B)
Class org.jetbrains.kotlin.tooling.core.ExtrasUtilsKt                                 : loaded 2 times (x 67B)
Class org.jetbrains.kotlin.gradle.utils.ResourceUtilsKt                               : loaded 2 times (x 67B)
Class org.jetbrains.kotlin.gradle.plugin.KotlinPluginWrapperKt$kotlinPluginVersionFromResources$1: loaded 2 times (x 74B)
Class com.google.common.primitives.Ints                                               : loaded 2 times (x 67B)
Class com.google.common.collect.AbstractIterator                                      : loaded 2 times (x 78B)
Class org.jetbrains.kotlin.gradle.plugin.KotlinGradleBuildServices$Parameters$Inject  : loaded 2 times (x 104B)
Class org.jetbrains.kotlin.gradle.plugin.KotlinPluginWrapperKt$kotlinPluginVersionFromResources$1$1: loaded 2 times (x 67B)
Class com.google.common.math.MathPreconditions                                        : loaded 2 times (x 67B)
Class com.google.common.collect.Multiset                                              : loaded 2 times (x 66B)
Class com.google.common.collect.ArrayListMultimapGwtSerializationDependencies         : loaded 2 times (x 168B)
Class com.google.common.collect.ObjectArrays                                          : loaded 2 times (x 67B)
Class com.google.common.collect.AbstractIndexedListIterator                           : loaded 2 times (x 92B)
Class org.jetbrains.kotlin.gradle.dsl.KotlinJvmCompilerOptionsDefault_Decorated       : loaded 2 times (x 155B)
Class org.jetbrains.kotlin.gradle.internal.Kapt3GradleSubplugin$Kapt3SubpluginContext : loaded 2 times (x 68B)
Class org.jetbrains.kotlin.gradle.plugin.mpp.pm20.KotlinPm20ProjectExtension          : loaded 2 times (x 82B)
Class org.jetbrains.kotlin.gradle.plugin.HasKotlinDependencies                        : loaded 2 times (x 66B)
Class org.jetbrains.kotlin.gradle.plugin.internal.DefaultJavaSourceSetsAccessorVariantFactory: loaded 2 times (x 70B)
Class com.google.common.collect.ImmutableMapEntrySet                                  : loaded 2 times (x 147B)
Class org.gradle.api.internal.classpath.Module                                        : loaded 2 times (x 66B)
Class org.jetbrains.kotlin.gradle.targets.js.npm.NpmDirectoryDependencyWithExternalsExtension: loaded 2 times (x 66B)
Class org.jetbrains.kotlin.gradle.plugin.KotlinGradleFinishBuildHandler$Companion     : loaded 2 times (x 67B)
Class com.google.common.cache.Weigher                                                 : loaded 2 times (x 66B)
Class org.gradle.api.internal.classpath.UnknownModuleException                        : loaded 2 times (x 78B)
Class org.jetbrains.kotlin.gradle.targets.js.npm.NpmDependencyWithExternalsExtension  : loaded 2 times (x 66B)
Class org.jetbrains.kotlin.gradle.plugin.KotlinTargetsContainer                       : loaded 2 times (x 66B)
Class org.jetbrains.kotlin.compilerRunner.GradleCliCommonizerKt                       : loaded 2 times (x 67B)
Class org.jetbrains.kotlin.gradle.utils.ConfigurationsKt                              : loaded 2 times (x 67B)
Class org.jetbrains.kotlin.gradle.plugin.PluginWrappersKt                             : loaded 2 times (x 67B)
Class com.google.common.base.Stopwatch                                                : loaded 2 times (x 68B)
Class com.google.common.cache.LocalCache$Strength                                     : loaded 2 times (x 77B)
Class com.google.common.cache.Cache                                                   : loaded 2 times (x 66B)
Class org.jetbrains.kotlin.gradle.plugin.sources.DefaultKotlinSourceSetKt$defaultSourceSetLanguageSettingsChecker$1: loaded 2 times (x 74B)
Class org.jetbrains.kotlin.gradle.plugin.sources.InternalKotlinSourceSet              : loaded 2 times (x 66B)
Class org.jetbrains.kotlin.gradle.utils.ObjectCollectionExtKt                         : loaded 2 times (x 67B)
Class com.google.common.util.concurrent.AbstractFuture$Cancellation                   : loaded 2 times (x 68B)
Class com.google.common.collect.ImmutableMap$Builder                                  : loaded 2 times (x 78B)
Class com.google.common.base.NullnessCasts                                            : loaded 2 times (x 67B)
Class org.jetbrains.kotlin.gradle.dsl.KotlinCommonToolOptions                         : loaded 2 times (x 66B)
Class org.jetbrains.kotlin.gradle.plugin.sources.ConsistencyCheck                     : loaded 2 times (x 68B)
Class org.jetbrains.kotlin.gradle.plugin.sources.DefaultKotlinSourceSetKt$defaultSourceSetLanguageSettingsChecker$2: loaded 2 times (x 74B)
Class org.jetbrains.kotlin.gradle.dsl.KotlinMultiplatformExtension                    : loaded 2 times (x 466B)
Class com.google.common.cache.RemovalListener                                         : loaded 2 times (x 66B)
Class org.gradle.api.internal.DefaultClassPathRegistry                                : loaded 2 times (x 72B)
Class org.jetbrains.kotlin.gradle.targets.js.npm.DefaultPeerNpmDependencyExtension$delegate$1: loaded 2 times (x 163B)
Class org.jetbrains.kotlin.gradle.targets.js.npm.NpmDependency                        : loaded 2 times (x 97B)
Class org.jetbrains.kotlin.gradle.targets.js.npm.DefaultNpmDependencyExtension        : loaded 2 times (x 148B)
Class org.jetbrains.kotlin.gradle.targets.js.npm.NpmDependency$Scope                  : loaded 2 times (x 75B)
Class org.jetbrains.kotlin.gradle.plugin.sources.FragmentConsistencyChecks$unstableFeaturesCheck$1: loaded 2 times (x 75B)
Class org.jetbrains.kotlin.gradle.plugin.sources.DefaultKotlinSourceSet               : loaded 2 times (x 141B)
Class com.google.common.primitives.IntsMethodsForWeb                                  : loaded 2 times (x 67B)
Class com.google.common.collect.Multimap                                              : loaded 2 times (x 66B)
Class org.gradle.api.internal.ClassPathRegistry                                       : loaded 2 times (x 66B)
Class org.gradle.internal.classpath.DefaultClassPath$ImmutableUniqueList              : loaded 2 times (x 195B)
Class org.gradle.internal.classloader.FilteringClassLoader                            : loaded 2 times (x 101B)
Class org.jetbrains.kotlin.gradle.dsl.KotlinCommonCompilerOptionsDefault              : loaded 2 times (x 86B)
Class org.jetbrains.kotlin.gradle.dsl.KotlinCommonCompilerToolOptionsDefault          : loaded 2 times (x 78B)
Class org.jetbrains.kotlin.gradle.plugin.sources.FragmentConsistencyChecks$unstableFeaturesCheck$2: loaded 2 times (x 74B)
Class org.jetbrains.kotlin.gradle.plugin.internal.ConfigurationTimePropertiesAccessor : loaded 2 times (x 66B)
Class org.jetbrains.kotlin.gradle.report.BuildReportMode$Companion                    : loaded 2 times (x 67B)
Class org.jetbrains.kotlin.gradle.plugin.VariantImplementationFactories$VariantImplementationFactory: loaded 2 times (x 66B)
Class com.google.common.collect.RegularImmutableMap$KeySet                            : loaded 2 times (x 146B)
Class org.jetbrains.kotlin.gradle.targets.js.npm.SemVer$Companion                     : loaded 2 times (x 67B)
Class org.jetbrains.kotlin.gradle.plugin.mpp.KotlinUsages$KotlinCinteropCompatibility : loaded 2 times (x 73B)
Class org.jetbrains.kotlin.gradle.dsl.ExplicitApiMode                                 : loaded 2 times (x 75B)
Class org.jetbrains.kotlin.gradle.plugin.VariantImplementationFactories$Companion     : loaded 2 times (x 67B)
Class org.jetbrains.kotlin.gradle.dsl.KotlinTopLevelExtensionConfig                   : loaded 2 times (x 66B)
Class com.google.common.cache.CacheBuilder                                            : loaded 2 times (x 68B)
Class com.google.common.collect.SingletonImmutableList                                : loaded 2 times (x 203B)
Class Settings_gradle$1                                                               : loaded 2 times (x 70B)
Class org.gradle.internal.classpath.ClassPath                                         : loaded 2 times (x 66B)
Class org.gradle.api.UncheckedIOException                                             : loaded 2 times (x 78B)
Class org.jetbrains.kotlin.gradle.dsl.KotlinJvmCompilerOptionsDefault                 : loaded 2 times (x 96B)
Class com.google.common.collect.ImmutableList$ReverseImmutableList                    : loaded 2 times (x 204B)
Class com.google.common.base.JdkPattern                                               : loaded 2 times (x 71B)
Class org.jetbrains.kotlin.gradle.internal.StdlibDependencyManagementKt               : loaded 2 times (x 67B)
Class org.jetbrains.kotlin.cli.common.arguments.Freezable                             : loaded 2 times (x 67B)
Class org.jetbrains.kotlin.gradle.utils.ObservableSet                                 : loaded 2 times (x 66B)
Class org.jetbrains.kotlin.gradle.plugin.mpp.HierarchyAttributeContainer              : loaded 2 times (x 79B)
Class org.jetbrains.kotlin.gradle.tasks.UsesKotlinJavaToolchain                       : loaded 2 times (x 66B)
Class org.jetbrains.kotlin.statistics.metrics.StringOverridePolicy$OVERRIDE           : loaded 2 times (x 81B)
Class org.objectweb.asm.SymbolTable$Entry                                             : loaded 2 times (x 70B)
Class com.google.common.util.concurrent.AbstractFuture$AtomicHelper                   : loaded 2 times (x 74B)
Class org.jetbrains.kotlin.gradle.utils.SingleAction                                  : loaded 2 times (x 69B)
Class org.jetbrains.kotlin.gradle.plugin.PropertiesProvider$Companion                 : loaded 2 times (x 67B)
Class org.jetbrains.kotlin.gradle.plugin.internal.DefaultConfigurationTimePropertiesAccessorVariantFactory: loaded 2 times (x 70B)
Class org.objectweb.asm.Edge                                                          : loaded 2 times (x 68B)
Class com.google.common.base.Suppliers$SupplierOfInstance                             : loaded 2 times (x 75B)
Class com.google.common.collect.Iterators$1                                           : loaded 2 times (x 77B)
Class Dependency_version_checker_gradle                                               : loaded 2 times (x 126B)
Class com.google.common.cache.LocalCache$ComputingValueReference                      : loaded 2 times (x 92B)
Class com.google.common.collect.SingletonImmutableSet                                 : loaded 2 times (x 142B)
Class com.google.common.collect.ImmutableMap$IteratorBasedImmutableMap                : loaded 2 times (x 121B)
Class org.jetbrains.kotlin.tooling.core.AbstractExtras                                : loaded 2 times (x 137B)
Class com.google.common.cache.LocalCache$Segment                                      : loaded 2 times (x 150B)
Class org.jetbrains.kotlin.gradle.plugin.sources.DefaultKotlinSourceSet_Decorated     : loaded 2 times (x 193B)
Class org.jetbrains.kotlin.statistics.metrics.StringOverridePolicy                    : loaded 2 times (x 81B)
Class [Lorg.objectweb.asm.SymbolTable$Entry;                                          : loaded 2 times (x 65B)
Class com.google.common.cache.CacheLoader                                             : loaded 2 times (x 70B)
Class com.google.common.collect.Iterators$4                                           : loaded 2 times (x 78B)
Class com.google.common.collect.ImmutableBiMap                                        : loaded 2 times (x 139B)
Class com.google.common.collect.AbstractListMultimap                                  : loaded 2 times (x 168B)
Class org.gradle.internal.installation.GradleInstallation$1                           : loaded 2 times (x 71B)
Class org.gradle.api.internal.classpath.ModuleRegistry                                : loaded 2 times (x 66B)
Class org.jetbrains.kotlin.gradle.model.builder.KotlinModelBuilder$Companion          : loaded 2 times (x 67B)
Class org.jetbrains.kotlin.gradle.internal.KotlinDependenciesManagementKt$configureDefaultVersionsResolutionStrategy$1: loaded 2 times (x 75B)
Class org.jetbrains.kotlin.gradle.internal.KotlinDependenciesManagementKt$customizeKotlinDependencies$coreLibrariesVersion$1: loaded 2 times (x 75B)
Class org.jetbrains.kotlin.gradle.plugin.mpp.KotlinUsages                             : loaded 2 times (x 67B)
Class com.google.common.util.concurrent.internal.InternalFutureFailureAccess          : loaded 2 times (x 68B)
Class com.google.common.collect.Iterators$5                                           : loaded 2 times (x 78B)
Class com.google.common.collect.ImmutableSet$JdkBackedSetBuilderImpl                  : loaded 2 times (x 72B)
Class com.google.common.base.Splitter$SplittingIterator                               : loaded 2 times (x 80B)
Class org.jetbrains.kotlin.gradle.plugin.KotlinMultiplatformPluginWrapper             : loaded 2 times (x 83B)
Class com.google.common.util.concurrent.AbstractFuture$UnsafeAtomicHelper             : loaded 2 times (x 74B)
Class com.google.common.cache.LocalCache$LocalManualCache$1                           : loaded 2 times (x 71B)
Class com.google.common.base.CharMatcher$ForPredicate                                 : loaded 2 times (x 108B)
Class org.jetbrains.kotlin.gradle.internal.StdlibDependencyManagementKt$addStdlibDependency$1: loaded 2 times (x 75B)
Class org.jetbrains.kotlin.gradle.plugin.sources.KotlinSourceSetFactory$Companion     : loaded 2 times (x 67B)
Class org.jetbrains.kotlin.gradle.plugin.internal.MppTestReportHelper$MppTestReportHelperVariantFactory: loaded 2 times (x 66B)
Class org.jetbrains.kotlin.statistics.metrics.IStatisticsValuesConsumer$DefaultImpls  : loaded 2 times (x 67B)
Class com.google.common.collect.ImmutableCollection                                   : loaded 2 times (x 121B)
Class com.google.common.base.CharMatcher$AnyOf                                        : loaded 2 times (x 108B)
Class org.gradle.api.internal.classpath.DefaultModuleRegistry                         : loaded 2 times (x 82B)
Class com.google.common.util.concurrent.ListenableFuture                              : loaded 2 times (x 66B)
Class com.google.common.cache.ReferenceEntry                                          : loaded 2 times (x 66B)
Class com.google.common.collect.ImmutableSet$CachingAsList                            : loaded 2 times (x 143B)
Class com.google.common.base.Converter                                                : loaded 2 times (x 86B)
Class com.google.common.collect.Lists                                                 : loaded 2 times (x 67B)
Class com.google.common.base.CharMatcher$Any                                          : loaded 2 times (x 108B)
Class org.jetbrains.kotlin.gradle.model.builder.KotlinModelBuilder                    : loaded 2 times (x 72B)
Class org.jetbrains.kotlin.gradle.plugin.mpp.KotlinAndroidTarget                      : loaded 2 times (x 134B)
Class org.jetbrains.kotlin.gradle.plugin.PropertiesProvider                           : loaded 2 times (x 68B)
Class org.jetbrains.kotlin.gradle.plugin.DefaultKotlinBasePlugin$addKotlinCompilerConfiguration$1: loaded 2 times (x 75B)
Class com.google.common.util.concurrent.AbstractFuture                                : loaded 2 times (x 102B)
Class com.google.common.base.FunctionalEquivalence                                    : loaded 2 times (x 79B)
Class com.google.common.collect.Iterators$9                                           : loaded 2 times (x 77B)
Class com.google.common.collect.AbstractMapBasedMultimap                              : loaded 2 times (x 135B)
Class com.google.common.collect.ImmutableAsList                                       : loaded 2 times (x 205B)
Class org.jetbrains.kotlin.gradle.tooling.BuildKotlinToolingMetadataTaskKt            : loaded 2 times (x 67B)
Class org.jetbrains.kotlin.gradle.plugin.KotlinCompilationToRunnableFiles             : loaded 2 times (x 66B)
Class org.jetbrains.kotlin.gradle.plugin.ProjectLocalConfigurations$setupAttributesMatchingStrategy$1$1: loaded 2 times (x 74B)
Class org.jetbrains.kotlin.gradle.plugin.internal.DefaultIdeaSyncDetectorVariantFactory: loaded 2 times (x 70B)
Class org.jetbrains.kotlin.gradle.plugin.internal.DefaultBasePluginConfigurationVariantFactory: loaded 2 times (x 70B)
Class org.jetbrains.kotlin.gradle.plugin.DefaultKotlinBasePlugin$addKotlinCompilerConfiguration$2: loaded 2 times (x 75B)
Class org.objectweb.asm.RecordComponentVisitor                                        : loaded 2 times (x 73B)
Class com.google.common.cache.CacheLoader$SupplierToCacheLoader                       : loaded 2 times (x 71B)
Class org.jetbrains.kotlin.gradle.dsl.KotlinJsProjectExtension                        : loaded 2 times (x 103B)
Class org.jetbrains.kotlin.gradle.dsl.KotlinProjectExtensionKt                        : loaded 2 times (x 67B)
Class org.jetbrains.kotlin.gradle.plugin.KotlinGradleBuildServices$Parameters_Decorated: loaded 2 times (x 132B)
Class org.jetbrains.kotlin.gradle.plugin.internal.ConfigurationTimePropertiesAccessor$ConfigurationTimePropertiesAccessorVariantFactory: loaded 2 times (x 66B)
Class [Lorg.jetbrains.kotlin.statistics.metrics.IMetricContainerFactory;              : loaded 2 times (x 65B)
Class com.google.common.collect.Maps$EntryTransformer                                 : loaded 2 times (x 66B)
Class org.gradle.internal.service.ServiceLookupException                              : loaded 2 times (x 78B)
Class org.jetbrains.kotlin.gradle.targets.js.npm.NpmDirectoryDependencyExtension      : loaded 2 times (x 66B)
Class [Lcom.google.common.cache.LocalCache$EntryFactory;                              : loaded 2 times (x 65B)
Class com.google.common.base.CharMatcher$JavaLetter                                   : loaded 2 times (x 107B)
Class org.gradle.internal.classloader.ClassLoaderFactory                              : loaded 2 times (x 66B)
Class NativePluginLoader$getDependenciesMetadata$0                                    : loaded 2 times (x 148B)
Class org.jetbrains.kotlin.gradle.plugin.sources.AbstractKotlinSourceSet              : loaded 2 times (x 141B)
Class org.jetbrains.kotlin.compilerRunner.GradleCliCommonizerKt$maybeCreateCommonizerClasspathConfiguration$1$1: loaded 2 times (x 75B)
Class com.google.common.cache.LocalCache$LocalManualCache                             : loaded 2 times (x 95B)
Class com.google.common.base.CharMatcher$IsNot                                        : loaded 2 times (x 107B)
Class com.google.common.base.CommonPattern                                            : loaded 2 times (x 70B)
Class org.gradle.internal.service.CachingServiceLocator                               : loaded 2 times (x 78B)
Class org.jetbrains.kotlin.project.model.LanguageSettings                             : loaded 2 times (x 66B)
Class com.google.common.math.IntMath                                                  : loaded 2 times (x 67B)
Class native_plugin_loader_2o6udptr4m4c6ja9jh0qp4045$_run_closure1                    : loaded 2 times (x 135B)
Class org.jetbrains.kotlin.tooling.core.MutableExtras                                 : loaded 2 times (x 66B)
Class org.jetbrains.kotlin.gradle.plugin.KotlinGradleBuildServices$detectKotlinPluginLoadedInMultipleProjects$onRegister$1: loaded 2 times (x 75B)
Class com.google.common.collect.Iterators$10                                          : loaded 2 times (x 77B)
Class com.google.common.collect.ImmutableMapEntry                                     : loaded 2 times (x 81B)
Class com.google.common.base.CharMatcher$JavaDigit                                    : loaded 2 times (x 107B)
Class org.jetbrains.kotlin.gradle.internal.KotlinTestDependencyManagementKt$configureKotlinTestDependency$3: loaded 2 times (x 75B)
Class org.jetbrains.kotlin.gradle.plugin.KotlinGradleFinishBuildHandler               : loaded 2 times (x 68B)
Class org.jetbrains.kotlin.statistics.metrics.StringOverridePolicy$CONCAT             : loaded 2 times (x 81B)
Class org.jetbrains.kotlin.gradle.dsl.KotlinTopLevelExtension                         : loaded 2 times (x 82B)
Class com.google.common.base.Equivalence                                              : loaded 2 times (x 78B)
Class com.google.common.collect.ImmutableMapEntry$NonTerminalImmutableMapEntry        : loaded 2 times (x 81B)
Class com.google.common.base.Function                                                 : loaded 2 times (x 66B)
Class [Lorg.jetbrains.kotlin.gradle.plugin.KotlinSourceSet;                           : loaded 2 times (x 65B)
Class org.jetbrains.kotlin.gradle.plugin.KotlinTargetsContainerWithPresets            : loaded 2 times (x 66B)
Class org.jetbrains.kotlin.gradle.plugin.PropertiesProvider$localProperties$2         : loaded 2 times (x 75B)
Class org.jetbrains.kotlin.gradle.plugin.internal.JavaSourceSetsAccessor$JavaSourceSetsAccessorVariantFactory: loaded 2 times (x 66B)
Class org.jetbrains.kotlin.statistics.metrics.IMetricContainerFactory                 : loaded 2 times (x 66B)
Class org.jetbrains.kotlin.statistics.MetricValueValidationFailed                     : loaded 2 times (x 78B)
Class com.google.common.collect.IndexedImmutableSet$1                                 : loaded 2 times (x 208B)
Class com.google.common.cache.CacheBuilder$OneWeigher                                 : loaded 2 times (x 78B)
Class com.google.common.collect.RegularImmutableList                                  : loaded 2 times (x 208B)
Class org.jetbrains.kotlin.gradle.targets.js.npm.SemVer                               : loaded 2 times (x 71B)
Class org.jetbrains.kotlin.gradle.plugin.internal.ConfigurationTimePropertiesAccessorKt: loaded 2 times (x 67B)
Class [Lorg.jetbrains.kotlin.gradle.report.BuildReportType;                           : loaded 2 times (x 65B)
Class org.jetbrains.kotlin.gradle.tasks.AbstractKotlinCompileTool                     : loaded 2 times (x 356B)
Class com.google.common.collect.ImmutableBiMapFauxverideShim                          : loaded 2 times (x 116B)
Class org.gradle.internal.classloader.ClasspathUtil                                   : loaded 2 times (x 67B)
Class org.jetbrains.kotlin.gradle.dsl.JvmTarget$Companion                             : loaded 2 times (x 67B)
Class org.jetbrains.kotlin.gradle.utils.StringUtilsKt$lowerCamelCaseName$1            : loaded 2 times (x 121B)
Class org.jetbrains.kotlin.tooling.core.HasExtras                                     : loaded 2 times (x 66B)
Class com.google.common.base.Charsets                                                 : loaded 2 times (x 67B)
Class com.google.common.util.concurrent.Uninterruptibles                              : loaded 2 times (x 67B)
Class org.jetbrains.kotlin.gradle.plugin.AbstractKotlinMultiplatformPluginWrapper     : loaded 2 times (x 83B)
Class org.jetbrains.kotlin.gradle.targets.js.npm.DevNpmDependencyExtension            : loaded 2 times (x 66B)
Class org.jetbrains.kotlin.gradle.utils.GradleConfigurationUtilsKt$addGradlePluginMetadataAttributes$1: loaded 2 times (x 75B)
Class com.google.common.collect.Maps                                                  : loaded 2 times (x 67B)
Class com.google.common.base.CharMatcher$JavaUpperCase                                : loaded 2 times (x 107B)
Class org.gradle.api.specs.Spec                                                       : loaded 2 times (x 66B)
Class org.jetbrains.kotlin.gradle.dsl.KotlinJvmOptions$DefaultImpls                   : loaded 2 times (x 67B)
Class org.jetbrains.kotlin.gradle.tooling.BuildKotlinToolingMetadataTask              : loaded 2 times (x 313B)
Class [Lcom.google.common.collect.ImmutableEntry;                                     : loaded 2 times (x 65B)
Class org.jetbrains.kotlin.gradle.utils.StringUtilsKt                                 : loaded 2 times (x 67B)
Class [Lorg.jetbrains.kotlin.statistics.metrics.StringOverridePolicy;                 : loaded 2 times (x 65B)
Class com.google.common.cache.LocalCache$LoadingValueReference                        : loaded 2 times (x 92B)
Class com.google.common.base.PairwiseEquivalence                                      : loaded 2 times (x 79B)
Class org.jetbrains.kotlin.gradle.plugin.KotlinTarget                                 : loaded 2 times (x 66B)
Class com.google.common.base.Platform                                                 : loaded 2 times (x 67B)
Class com.google.common.base.Equivalence$Identity                                     : loaded 2 times (x 78B)
Class org.jetbrains.kotlin.gradle.plugin.ProjectLocalConfigurations                   : loaded 2 times (x 67B)
Class org.jetbrains.kotlin.gradle.plugin.mpp.KotlinUsages$KotlinUsagesDisambiguation  : loaded 2 times (x 72B)
Class [Lorg.objectweb.asm.AnnotationWriter;                                           : loaded 2 times (x 65B)
Class com.google.common.primitives.Ints$IntConverter                                  : loaded 2 times (x 86B)
Class com.google.common.collect.Maps$8                                                : loaded 2 times (x 78B)
Class Build_gradle$3                                                                  : loaded 2 times (x 70B)
Class [Lcom.google.common.collect.Iterators$EmptyModifiableIterator;                  : loaded 2 times (x 65B)
Class org.jetbrains.kotlin.gradle.dsl.KotlinJvmOptions                                : loaded 2 times (x 66B)
Class org.jetbrains.kotlin.gradle.plugin.sources.DefaultKotlinSourceSetKt             : loaded 2 times (x 67B)
Class org.jetbrains.kotlin.gradle.plugin.mpp.HierarchyAttributeContainer$1            : loaded 2 times (x 74B)
Class org.jetbrains.kotlin.tooling.core.Extras                                        : loaded 2 times (x 66B)
Class org.jetbrains.kotlin.gradle.dsl.ToolchainSupport                                : loaded 2 times (x 66B)
Class org.jetbrains.kotlin.gradle.plugin.mpp.InternalKotlinTarget                     : loaded 2 times (x 66B)
Class org.jetbrains.kotlin.statistics.metrics.StringMetrics                           : loaded 2 times (x 76B)
Class com.google.common.collect.Sets$SetView                                          : loaded 2 times (x 134B)
Class com.google.common.cache.LocalCache$StrongValueReference                         : loaded 2 times (x 86B)
Class com.google.common.util.concurrent.AbstractFuture$SynchronizedHelper             : loaded 2 times (x 74B)
Class com.google.common.base.CharMatcher$Invisible                                    : loaded 2 times (x 108B)
Class org.objectweb.asm.Type                                                          : loaded 2 times (x 68B)
Class org.gradle.internal.classloader.VisitableURLClassLoader$InstrumentingVisitableURLClassLoader: loaded 2 times (x 119B)
Class org.jetbrains.kotlin.gradle.targets.js.npm.NpmDependencyExtensionKt$WhenMappings: loaded 2 times (x 67B)
Class org.jetbrains.kotlin.gradle.plugin.KotlinGradleBuildServices$Parameters         : loaded 2 times (x 66B)
Class org.objectweb.asm.ByteVector                                                    : loaded 2 times (x 75B)
Class [Lcom.google.common.cache.CacheBuilder$NullListener;                            : loaded 2 times (x 65B)
Class com.google.common.math.IntMath$1                                                : loaded 2 times (x 67B)
Class org.gradle.internal.classloader.VisitableURLClassLoader$Spec                    : loaded 2 times (x 70B)
Class org.gradle.internal.classpath.DefaultClassPath                                  : loaded 2 times (x 86B)
Class org.jetbrains.kotlin.gradle.dsl.KotlinCommonCompilerOptions                     : loaded 2 times (x 66B)
Class org.jetbrains.kotlin.gradle.utils.MutableObservableSetImpl                      : loaded 2 times (x 159B)
Class org.jetbrains.kotlin.gradle.plugin.KotlinJsCompilerTypeHolder                   : loaded 2 times (x 66B)
Class org.jetbrains.kotlin.gradle.tasks.KotlinTasksProvider                           : loaded 2 times (x 68B)
Class org.jetbrains.kotlin.gradle.dsl.DefaultToolchainSupport$wireToolchainToTasks$1  : loaded 2 times (x 75B)
Class org.objectweb.asm.Symbol                                                        : loaded 2 times (x 69B)
Class com.google.common.base.AbstractIterator                                         : loaded 2 times (x 76B)
Class org.jetbrains.kotlin.gradle.plugin.KotlinSourceSet$Companion                    : loaded 2 times (x 67B)
Class [Lorg.jetbrains.kotlin.gradle.report.BuildReportMode;                           : loaded 2 times (x 65B)
Class com.google.common.collect.RegularImmutableMap$Values                            : loaded 2 times (x 203B)
Class com.google.common.collect.ImmutableSet                                          : loaded 2 times (x 141B)
Class com.google.common.base.CharMatcher$Ascii                                        : loaded 2 times (x 108B)
Class com.google.common.base.CharMatcher$BitSetMatcher                                : loaded 2 times (x 108B)
Class org.gradle.internal.classloader.ClassLoaderSpec                                 : loaded 2 times (x 67B)
Class org.jetbrains.kotlin.gradle.internal.KotlinDependenciesManagementKt$configureDefaultVersionsResolutionStrategy$1$1: loaded 2 times (x 75B)
Class org.jetbrains.kotlin.gradle.tooling.BuildKotlinToolingMetadataTaskKt$buildKotlinToolingMetadataTask$1: loaded 2 times (x 74B)
Class org.jetbrains.kotlin.gradle.internal.Kapt3GradleSubplugin$Companion             : loaded 2 times (x 67B)
Class org.objectweb.asm.AnnotationWriter                                              : loaded 2 times (x 75B)
Class com.google.common.cache.CacheStats                                              : loaded 2 times (x 67B)
Class org.jetbrains.kotlin.gradle.dsl.JvmTarget                                       : loaded 2 times (x 75B)
Class org.jetbrains.kotlin.gradle.plugin.VariantImplementationFactories$Inject        : loaded 2 times (x 92B)
Class org.objectweb.asm.RecordComponentWriter                                         : loaded 2 times (x 74B)
Class com.google.common.util.concurrent.AbstractFuture$Listener                       : loaded 2 times (x 68B)
Class com.google.common.base.CharMatcher$Or                                           : loaded 2 times (x 108B)
Class Settings_gradle$1$1                                                             : loaded 2 times (x 70B)
Class org.jetbrains.kotlin.gradle.plugin.KotlinSourceSetContainer                     : loaded 2 times (x 66B)
Class org.objectweb.asm.Attribute                                                     : loaded 2 times (x 73B)
Class com.google.common.base.Supplier                                                 : loaded 2 times (x 66B)
Class org.gradle.internal.classloader.VisitableURLClassLoader                         : loaded 2 times (x 113B)
Class NativePluginLoader$_getPlugins_closure1                                         : loaded 2 times (x 136B)
Class org.jetbrains.kotlin.gradle.utils.SingleActionPerProject                        : loaded 2 times (x 69B)
Class org.jetbrains.kotlin.gradle.dsl.DefaultToolchainSupport$wireToolchainToTasks$1$1: loaded 2 times (x 75B)
Class com.google.common.util.concurrent.AbstractFuture$Waiter                         : loaded 2 times (x 68B)
Class org.jetbrains.kotlin.gradle.plugin.DefaultKotlinBasePlugin                      : loaded 2 times (x 78B)
Class org.gradle.internal.Cast                                                        : loaded 2 times (x 67B)
Class org.gradle.api.Action                                                           : loaded 2 times (x 66B)
Class native_plugin_loader_2o6udptr4m4c6ja9jh0qp4045                                  : loaded 2 times (x 173B)
Class org.jetbrains.kotlin.gradle.dsl.KotlinTargetContainerWithWasmPresetFunctions    : loaded 2 times (x 66B)
Class com.google.common.collect.Sets                                                  : loaded 2 times (x 67B)
Class org.objectweb.asm.Handler                                                       : loaded 2 times (x 68B)
Class com.google.common.base.Ticker                                                   : loaded 2 times (x 68B)
Class com.google.common.base.Strings                                                  : loaded 2 times (x 67B)
Class com.google.common.base.CharMatcher$FastMatcher                                  : loaded 2 times (x 107B)
Class org.jetbrains.kotlin.tooling.core.MutableExtrasImpl                             : loaded 2 times (x 161B)
Class [Lcom.google.common.cache.LocalCache$Segment;                                   : loaded 2 times (x 65B)
Class [Lcom.google.common.cache.LocalCache$Strength;                                  : loaded 2 times (x 65B)
Class com.google.common.cache.CacheBuilder$1                                          : loaded 2 times (x 81B)
Class com.google.common.collect.ImmutableMap                                          : loaded 2 times (x 116B)
Class com.google.common.base.Predicate                                                : loaded 2 times (x 66B)
Class org.gradle.internal.classpath.DefaultClassPath$ImmutableUniqueList$Builder      : loaded 2 times (x 71B)
Class org.jetbrains.kotlin.gradle.dsl.KotlinCommonCompilerToolOptions                 : loaded 2 times (x 66B)
Class org.jetbrains.kotlin.gradle.targets.metadata.KotlinMetadataTargetConfiguratorKt : loaded 2 times (x 67B)
Class org.jetbrains.kotlin.gradle.testing.internal.KotlinTestsRegistry$Companion      : loaded 2 times (x 67B)
Class com.google.common.cache.LocalCache                                              : loaded 2 times (x 183B)
Class com.google.common.cache.CacheBuilder$2                                          : loaded 2 times (x 68B)
Class com.google.common.base.CharMatcher$NegatedFastMatcher                           : loaded 2 times (x 109B)
Class org.jetbrains.kotlin.gradle.internal.KotlinTestDependencyManagementKt           : loaded 2 times (x 67B)
Class org.jetbrains.kotlin.cli.common.arguments.K2JVMCompilerArguments                : loaded 2 times (x 73B)
Class [Lorg.jetbrains.kotlin.gradle.plugin.sources.ConsistencyCheck;                  : loaded 2 times (x 65B)
Class org.jetbrains.kotlin.gradle.report.ReportingSettings                            : loaded 2 times (x 68B)
Class org.jetbrains.kotlin.gradle.plugin.internal.BasePluginConfiguration$BasePluginConfigurationVariantFactory: loaded 2 times (x 66B)
Class org.jetbrains.kotlin.statistics.metrics.StringAnonymizationPolicy$ComponentVersionAnonymizer: loaded 2 times (x 74B)
Class [Lcom.google.common.collect.AbstractMapEntry;                                   : loaded 2 times (x 65B)
Class com.google.common.collect.ImmutableEntry                                        : loaded 2 times (x 78B)
Class com.google.common.collect.ArrayListMultimap                                     : loaded 2 times (x 168B)
Class com.google.common.base.AbstractIterator$1                                       : loaded 2 times (x 67B)
Class com.google.common.base.CharMatcher$Digit                                        : loaded 2 times (x 108B)
Class org.jetbrains.kotlin.gradle.plugin.KotlinBasePluginWrapper                      : loaded 2 times (x 83B)
Class org.gradle.api.GradleException                                                  : loaded 2 times (x 78B)
Class org.jetbrains.kotlin.gradle.dsl.KotlinJvmCompilerOptions                        : loaded 2 times (x 66B)
Class org.jetbrains.kotlin.gradle.plugin.ProjectLocalConfigurations$ProjectLocalCompatibility: loaded 2 times (x 72B)
Class com.google.common.collect.CollectPreconditions                                  : loaded 2 times (x 67B)
Class com.google.common.base.CharMatcher$JavaIsoControl                               : loaded 2 times (x 108B)
Class org.jetbrains.kotlin.gradle.plugin.statistics.KotlinBuildStatHandler$Companion  : loaded 2 times (x 67B)
Class com.google.common.collect.SortedMapDifference                                   : loaded 2 times (x 66B)
Class com.google.common.base.CharMatcher$JavaLowerCase                                : loaded 2 times (x 107B)
Class Build_gradle$1$1                                                                : loaded 2 times (x 74B)
Class org.jetbrains.kotlin.gradle.targets.js.npm.BaseNpmDependencyExtension           : loaded 2 times (x 66B)
Class org.jetbrains.kotlin.cli.common.arguments.CommonCompilerArguments               : loaded 2 times (x 73B)
Class org.jetbrains.kotlin.gradle.InternalKotlinGradlePluginApi                       : loaded 2 times (x 66B)
Class org.jetbrains.kotlin.gradle.dsl.DefaultToolchainSupport                         : loaded 2 times (x 72B)
Class com.google.common.cache.LocalCache$EntryFactory                                 : loaded 2 times (x 79B)
Class org.jetbrains.kotlin.gradle.internal.StdlibDependencyManagementKt$configureStdlibVersionAlignment$1$1: loaded 2 times (x 75B)
Class org.jetbrains.kotlin.gradle.tasks.TasksProviderKt$sam$org_gradle_api_Action$0   : loaded 2 times (x 71B)
Class org.jetbrains.kotlin.gradle.tooling.BuildKotlinToolingMetadataTask$FromKotlinExtension: loaded 2 times (x 313B)
Class org.jetbrains.kotlin.tooling.core.HasMutableExtras                              : loaded 2 times (x 66B)
Class com.google.common.cache.LocalCache$AbstractReferenceEntry                       : loaded 2 times (x 103B)
Class com.google.common.base.Splitter$1$1                                             : loaded 2 times (x 82B)
Class com.google.common.base.CharMatcher$Whitespace                                   : loaded 2 times (x 108B)
Class org.gradle.internal.IoActions                                                   : loaded 2 times (x 67B)
Class org.jetbrains.kotlin.gradle.internal.Kapt3GradleSubplugin                       : loaded 2 times (x 79B)
Class org.jetbrains.kotlin.gradle.plugin.UsesVariantImplementationFactories           : loaded 2 times (x 66B)
Class org.objectweb.asm.SymbolTable                                                   : loaded 2 times (x 68B)
Class com.google.common.cache.CacheLoader$InvalidCacheLoadException                   : loaded 2 times (x 78B)
Class com.google.common.collect.ImmutableSet$RegularSetBuilderImpl                    : loaded 2 times (x 73B)
Class com.google.common.base.CharMatcher$SingleWidth                                  : loaded 2 times (x 108B)
Class org.gradle.internal.classloader.SystemClassLoaderSpec                           : loaded 2 times (x 67B)
Class org.jetbrains.kotlin.gradle.plugin.mpp.AbstractKotlinTarget$kotlinComponents$2  : loaded 2 times (x 75B)
Class org.jetbrains.kotlin.gradle.plugin.KotlinPlatformType$CompatibilityRule         : loaded 2 times (x 72B)
Class com.google.common.cache.LocalCache$StrongEntry                                  : loaded 2 times (x 104B)
Class com.google.common.util.concurrent.AbstractFuture$TrustedFuture                  : loaded 2 times (x 110B)
Class com.google.common.cache.LoadingCache                                            : loaded 2 times (x 66B)
Class org.jetbrains.kotlin.gradle.dsl.KotlinVersion                                   : loaded 2 times (x 75B)
Class org.objectweb.asm.MethodWriter                                                  : loaded 2 times (x 102B)
Class [Lcom.google.common.cache.Weigher;                                              : loaded 2 times (x 65B)
Class com.google.common.collect.RegularImmutableMap$BucketOverflowException           : loaded 2 times (x 78B)
Class org.jetbrains.kotlin.gradle.plugin.VariantImplementationFactories$Companion$getProvider$2$1$1: loaded 2 times (x 75B)
Class org.jetbrains.kotlin.gradle.report.BuildReportMode                              : loaded 2 times (x 75B)
Class org.jetbrains.kotlin.statistics.metrics.StringAnonymizationPolicy$RegexControlled: loaded 2 times (x 75B)
Class org.jetbrains.kotlin.statistics.ValueAnonymizer                                 : loaded 2 times (x 66B)
Class org.jetbrains.kotlin.gradle.plugin.statistics.KotlinBuildStatsService           : loaded 2 times (x 87B)
Class [Lorg.jetbrains.kotlin.gradle.targets.js.npm.NpmDependency$Scope;               : loaded 2 times (x 65B)
Class org.jetbrains.kotlin.gradle.plugin.KotlinCompilerPluginSupportPlugin            : loaded 2 times (x 66B)
Class org.jetbrains.kotlin.gradle.plugin.mpp.AbstractKotlinTarget$components$2        : loaded 2 times (x 75B)
Class org.jetbrains.kotlin.gradle.utils.AndroidPluginIdsKt                            : loaded 2 times (x 67B)
Class org.jetbrains.kotlin.gradle.plugin.mpp.KotlinUsages$setupAttributesMatchingStrategy$1: loaded 2 times (x 74B)
Class com.google.common.cache.LocalCache$ValueReference                               : loaded 2 times (x 66B)
Class com.google.common.base.CharMatcher$Is                                           : loaded 2 times (x 107B)
Class com.google.common.base.CharMatcher$Negated                                      : loaded 2 times (x 109B)
Class org.jetbrains.kotlin.gradle.plugin.KotlinBasePlugin                             : loaded 2 times (x 66B)
Class NativePluginLoader$getPlugins                                                   : loaded 2 times (x 148B)
Class org.jetbrains.kotlin.cli.common.arguments.CommonToolArguments                   : loaded 2 times (x 68B)
Class org.jetbrains.kotlin.gradle.plugin.statistics.KotlinBuildStatHandler            : loaded 2 times (x 67B)
Class org.jetbrains.kotlin.gradle.logging.GradleLoggingUtilsKt                        : loaded 2 times (x 67B)
Class com.google.common.util.concurrent.AbstractFuture$Failure                        : loaded 2 times (x 68B)
Class com.google.common.base.Equivalence$Equals                                       : loaded 2 times (x 78B)
Class com.google.common.collect.Hashing                                               : loaded 2 times (x 67B)
Class com.google.common.base.PatternCompiler                                          : loaded 2 times (x 66B)
Class com.google.common.base.Preconditions                                            : loaded 2 times (x 67B)
Class org.jetbrains.kotlin.gradle.dsl.KotlinTargetContainerWithNativeShortcuts        : loaded 2 times (x 66B)
Class com.google.common.base.Joiner$1                                                 : loaded 2 times (x 76B)
Class org.objectweb.asm.Label                                                         : loaded 2 times (x 69B)
Class org.objectweb.asm.CurrentFrame                                                  : loaded 2 times (x 69B)
Class org.objectweb.asm.ClassTooLargeException                                        : loaded 2 times (x 79B)
Class com.google.common.collect.PeekingIterator                                       : loaded 2 times (x 66B)
Class com.google.common.base.CharMatcher                                              : loaded 2 times (x 107B)
Class org.jetbrains.kotlin.gradle.internal.KotlinDependenciesManagementKt             : loaded 2 times (x 67B)
Class com.google.common.base.Joiner$2                                                 : loaded 2 times (x 75B)
Class org.objectweb.asm.Frame                                                         : loaded 2 times (x 69B)
Class org.objectweb.asm.MethodVisitor                                                 : loaded 2 times (x 101B)
Class com.google.common.cache.LocalCache$EntryFactory$1                               : loaded 2 times (x 79B)
Class [Lcom.google.common.cache.RemovalListener;                                      : loaded 2 times (x 65B)
Class com.google.common.base.CharMatcher$1                                            : loaded 2 times (x 109B)
Class com.google.common.base.CharMatcher$NamedFastMatcher                             : loaded 2 times (x 108B)
Class [Lorg.jetbrains.kotlin.gradle.plugin.sources.android.AndroidVariantType;        : loaded 2 times (x 65B)
Class org.jetbrains.kotlin.gradle.plugin.sources.android.AndroidVariantType           : loaded 2 times (x 75B)
Class org.jetbrains.kotlin.gradle.plugin.mpp.KotlinVariant                            : loaded 2 times (x 96B)
Class org.jetbrains.kotlin.gradle.plugin.VariantImplementationFactories               : loaded 2 times (x 72B)
Class com.google.common.cache.LocalCache$EntryFactory$2                               : loaded 2 times (x 79B)
Class org.gradle.api.internal.classpath.GlobalCacheRootsProvider                      : loaded 2 times (x 66B)
Class org.jetbrains.kotlin.gradle.internal.CompilerArgumentAware                      : loaded 2 times (x 66B)
Class org.objectweb.asm.ModuleWriter                                                  : loaded 2 times (x 78B)
Class com.google.common.cache.LocalCache$EntryFactory$3                               : loaded 2 times (x 79B)
Class com.google.common.base.Ticker$1                                                 : loaded 2 times (x 68B)
Class com.google.common.collect.ImmutableMapEntrySet$RegularEntrySet                  : loaded 2 times (x 147B)
Class com.google.common.collect.Maps$BiMapConverter                                   : loaded 2 times (x 86B)
Class com.google.common.collect.SetMultimap                                           : loaded 2 times (x 66B)
Class org.jetbrains.kotlin.gradle.plugin.sources.FragmentConsistencyChecks            : loaded 2 times (x 68B)
Class org.jetbrains.kotlin.gradle.internal.tasks.TaskWithLocalState                   : loaded 2 times (x 66B)
Class org.jetbrains.kotlin.statistics.metrics.BooleanMetrics                          : loaded 2 times (x 76B)
Class com.google.common.cache.LocalCache$EntryFactory$4                               : loaded 2 times (x 79B)
Class com.google.common.collect.ImmutableSet$Builder                                  : loaded 2 times (x 81B)
Class com.google.common.base.CharMatcher$InRange                                      : loaded 2 times (x 107B)
Class org.jetbrains.kotlin.gradle.plugin.sources.FragmentConsistencyChecks$languageVersionCheck$1: loaded 2 times (x 75B)
Class org.jetbrains.kotlin.gradle.plugin.mpp.DecoratedKotlinCompilation               : loaded 2 times (x 180B)
Class [Lorg.jetbrains.kotlin.gradle.plugin.KotlinPlatformType;                        : loaded 2 times (x 65B)
Class com.google.common.cache.LocalCache$EntryFactory$5                               : loaded 2 times (x 79B)
Class org.jetbrains.kotlin.gradle.plugin.KotlinGradleBuildServices$Inject             : loaded 2 times (x 96B)
Class org.jetbrains.kotlin.gradle.plugin.KotlinMultiplatformPluginKt                  : loaded 2 times (x 67B)
Class org.jetbrains.kotlin.gradle.plugin.sources.DefaultLanguageSettingsBuilder       : loaded 2 times (x 86B)
Class org.jetbrains.kotlin.gradle.plugin.sources.FragmentConsistencyChecks$languageVersionCheck$2: loaded 2 times (x 74B)
Class org.jetbrains.kotlin.gradle.dsl.KotlinTargetContainerWithPresetFunctions        : loaded 2 times (x 66B)
Class org.jetbrains.kotlin.gradle.utils.GradleConfigurationUtilsKt                    : loaded 2 times (x 67B)
Class com.google.common.cache.LocalCache$EntryFactory$6                               : loaded 2 times (x 79B)
Class org.gradle.internal.installation.CurrentGradleInstallationLocator               : loaded 2 times (x 67B)
Class org.jetbrains.kotlin.gradle.plugin.mpp.InternalKotlinCompilation                : loaded 2 times (x 66B)
Class org.jetbrains.kotlin.gradle.plugin.KotlinPluginWrapperKt                        : loaded 2 times (x 67B)
Class com.google.common.cache.LocalCache$EntryFactory$7                               : loaded 2 times (x 79B)
Class com.google.common.collect.ImmutableSet$EmptySetBuilderImpl                      : loaded 2 times (x 72B)
Class com.google.common.collect.ImmutableList                                         : loaded 2 times (x 202B)
Class org.gradle.internal.service.DefaultServiceLocator                               : loaded 2 times (x 79B)
Class org.jetbrains.kotlin.util.capitalizeDecapitalize.CapitalizeDecapitalizeKt       : loaded 2 times (x 67B)
Class org.jetbrains.kotlin.statistics.metrics.StringAnonymizationPolicy$AllowedListAnonymizer$Companion: loaded 2 times (x 67B)
Class org.jetbrains.kotlin.gradle.testing.internal.KotlinTestsRegistry                : loaded 2 times (x 68B)
Class com.google.common.cache.LocalCache$EntryFactory$8                               : loaded 2 times (x 79B)
Class com.google.common.collect.ImmutableSet$SetBuilderImpl                           : loaded 2 times (x 72B)
Class org.gradle.internal.installation.CurrentGradleInstallation                      : loaded 2 times (x 69B)
Class org.jetbrains.kotlin.gradle.plugin.KotlinCompilation                            : loaded 2 times (x 66B)
Class org.jetbrains.kotlin.gradle.plugin.KotlinTargetConfiguratorKt                   : loaded 2 times (x 67B)
Class com.google.common.cache.CacheLoader$1                                           : loaded 2 times (x 71B)
Class com.google.common.collect.ImmutableList$SubList                                 : loaded 2 times (x 204B)
Class org.gradle.util.internal.GUtil                                                  : loaded 2 times (x 67B)
Class org.jetbrains.kotlin.gradle.plugin.mpp.AbstractKotlinCompilation                : loaded 2 times (x 180B)
Class com.google.common.util.concurrent.AbstractFuture$SetFuture                      : loaded 2 times (x 71B)
Class com.google.common.cache.AbstractCache$StatsCounter                              : loaded 2 times (x 66B)
Class org.jetbrains.kotlin.tooling.core.MutableExtrasImpl$Companion                   : loaded 2 times (x 67B)
Class org.jetbrains.kotlin.gradle.plugin.KotlinGradleBuildServices$Companion$registerIfAbsent$1: loaded 2 times (x 75B)
Class com.google.common.collect.Iterators$MergingIterator                             : loaded 2 times (x 77B)
Class com.google.common.collect.RegularImmutableSet                                   : loaded 2 times (x 144B)
Class org.gradle.internal.installation.GradleInstallation                             : loaded 2 times (x 71B)
Class com.google.common.collect.Iterables                                             : loaded 2 times (x 67B)
Class com.google.common.base.Splitter$Strategy                                        : loaded 2 times (x 66B)
Class org.jetbrains.kotlin.gradle.dsl.ToolchainSupport$Companion                      : loaded 2 times (x 67B)
Class org.jetbrains.kotlin.gradle.plugin.KotlinSourceSet                              : loaded 2 times (x 66B)

---------------  S Y S T E M  ---------------

OS:
 Windows 11 , 64 bit Build 26100 (10.0.26100.9444)
OS uptime: 2 days 10:33 hours
Hyper-V role detected

CPU: total 12 (initial active 12) (6 cores per cpu, 2 threads per core) family 6 model 158 stepping 13 microcode 0x100, cx8, cmov, fxsr, ht, mmx, 3dnowpref, sse, sse2, sse3, ssse3, sse4.1, sse4.2, popcnt, lzcnt, tsc, tscinvbit, avx, avx2, aes, erms, clmul, bmi1, bmi2, adx, fma, vzeroupper, clflush, clflushopt, hv, rdtscp, f16c
Processor Information for processor 0
  Max Mhz: 2592, Current Mhz: 1495, Mhz Limit: 2592
Processor Information for processor 1
  Max Mhz: 2592, Current Mhz: 1495, Mhz Limit: 2592
Processor Information for processor 2
  Max Mhz: 2592, Current Mhz: 1495, Mhz Limit: 2592
Processor Information for processor 3
  Max Mhz: 2592, Current Mhz: 1495, Mhz Limit: 2592
Processor Information for processor 4
  Max Mhz: 2592, Current Mhz: 1495, Mhz Limit: 2592
Processor Information for processor 5
  Max Mhz: 2592, Current Mhz: 1495, Mhz Limit: 2592
Processor Information for processor 6
  Max Mhz: 2592, Current Mhz: 2592, Mhz Limit: 2592
Processor Information for processor 7
  Max Mhz: 2592, Current Mhz: 1495, Mhz Limit: 2592
Processor Information for processor 8
  Max Mhz: 2592, Current Mhz: 1495, Mhz Limit: 2592
Processor Information for processor 9
  Max Mhz: 2592, Current Mhz: 1495, Mhz Limit: 2592
Processor Information for processor 10
  Max Mhz: 2592, Current Mhz: 2592, Mhz Limit: 2592
Processor Information for processor 11
  Max Mhz: 2592, Current Mhz: 1495, Mhz Limit: 2592

Memory: 4k page, system-wide physical 32615M (11941M free)
TotalPageFile size 76676M (AvailPageFile size 19M)
current process WorkingSet (physical memory assigned to process): 504M, peak: 507M
current process commit charge ("private bytes"): 543M, peak: 651M

vm_info: OpenJDK 64-Bit Server VM (21.0.5+-13047016-b750.29) for windows-amd64 JRE (21.0.5+-13047016-b750.29), built on 2025-02-11T21:12:39Z by "builder" with MS VC++ 16.10 / 16.11 (VS2019)

END.
